pt1_cam1_X,pt1_cam1_Y,pt2_cam1_X,pt2_cam1_Y,pt3_cam1_X,pt3_cam1_Y,pt4_cam1_X,pt4_cam1_Y
0,0,0,0,499.774066,497.961707,706.486323,471.178337
0,0,0,0,496.407417,500.324945,705.99,470.99
0,0,0,0,497.080747,499.537199,705.91,471.05
0,0,0,0,497.754077,498.749453,706.02,471.01
0,0,0,0,498.427407,497.961707,706,471
0,0,0,0,498.87,497.49,706,470.98
0,0,0,0,499.22,497.03,705.94,471
0,0,0,0,499.14,497.03,705.99,470.99
0,0,0,0,499.13,497.04,705.99,471.09
0,0,0,0,498.98,497.02,705.98,471.03
0,0,0,0,498.93,496.97,706,470.91
0,0,0,0,498.4,496.9,706.03,470.95
0,0,0,0,497.65,496.92,706.26,470.99
0,0,0,0,497.28,496.98,706.01,470.92
0,0,0,0,496.84,496.91,706.22,470.99
0,0,0,0,496.21,496.98,706.24,470.98
0,0,0,0,495.94,496.93,708.1,471
0,0,0,0,495.94,496.97,709.37,471.02
0,0,0,0,496.01,497,709.27,471.01
0,0,0,0,496,497,708.84,470.99
0,0,0,0,496.02,497.05,708.78,471.03
0,0,0,0,495.98,496.99,708.9,471.01
0,0,0,0,496.01,497.02,708.73,471.04
0,0,0,0,495.98,496.99,708.87,471.03
0,0,0,0,495.92,496.99,708.92,471.01
0,0,0,0,496.04,497,708.86,471.05
0,0,0,0,496.02,497,708.72,471.03
0,0,0,0,496.02,497.03,708.99,471.01
0,0,0,0,496.05,497.03,708.69,471.05
0,0,0,0,495.99,497,709.09,470.98
0,0,0,0,495.98,497,708.99,470.98
0,0,0,0,496.01,497,709.01,471
0,0,0,0,496.03,497,709.21,470.98
0,0,0,0,498.427407,490.871991,709.11,471.02
0,0,0,0,499.774066,502.688184,709.07,470.97
0,0,0,0,500.74,502.64,709.06,471.01
0,0,0,0,501.05,502.87,709.21,470.96
0,0,0,0,501.05,502.79,709.15,470.92
0,0,0,0,500.9,502.86,709.32,470.99
0,0,0,0,499.100736,491.659737,709.06,471.01
0,0,0,0,498.427407,496.386214,709.16,470.98
0,0,0,0,497.95,495.96,709.05,471.01
0,0,0,0,497.19,496.11,709.22,471.01
0,0,0,0,496.49,496.03,709.13,470.99
0,0,0,0,496.03,495.99,709.28,470.99
0,0,0,0,495.96,495.86,709.08,471.03
0,0,0,0,496,495.98,709.17,471.07
0,0,0,0,495.98,496,709,471
0,0,0,0,495.99,496,709.03,470.99
0,0,0,0,496.01,495.98,709.01,471
0,0,0,0,495.99,496,709.28,471.01
0,0,0,0,495.94,495.95,709.08,470.92
0,0,0,0,495.97,495.94,708.99,470.97
0,0,0,0,495.95,495.93,709.23,470.84
0,0,0,0,495.88,495.94,709.12,470.97
0,0,0,0,495.97,495.98,709,470.99
0,0,0,0,496.01,495.99,709.04,470.99
0,0,0,0,495.99,495.99,708.99,471
0,0,0,0,495.99,496,708.99,471
0,0,0,0,496.04,496.01,708.74,471.12
0,0,0,0,496.01,496.03,708.99,471.03
0,0,0,0,496.01,496.04,708.94,471.02
0,0,0,0,496,496,709.14,470.97
0,0,0,0,495.98,495.91,709.13,470.95
0,0,0,0,495.98,495.94,709,470.99
0,0,0,0,495.95,495.92,709.88,470.92
0,0,0,0,501.120726,494.022976,710.18,471.01
0,0,0,0,501.94,493.32,709.93,471.05
0,0,0,0,501.98,492.8,709.17,471.05
0,0,0,0,502.05,492.79,708.93,471.01
0,0,0,0,501.87,492.89,709.11,470.99
0,0,0,0,501.9,492.93,709.01,471
0,0,0,0,501.86,492.94,709,471
0,0,0,0,502.01,493,708.87,471.06
0,0,0,0,502,493,708.86,471.07
0,0,0,0,501.99,493,708.94,471.02
0,0,0,0,501.95,492.99,708.98,471.03
0,0,0,0,501.91,492.95,709.43,470.94
0,0,0,0,501.88,492.96,710.18,470.95
0,0,0,0,501.88,492.97,710.84,470.99
0,0,0,0,501.95,492.99,711.83,471.03
0,0,0,0,502.01,493.01,712.39,471.02
0,0,0,0,501.94,493,701.773014,466.45186
0,0,0,0,502.05,493.06,703.793004,467.239606
0,0,0,0,502.01,493,703.11,467.3
0,0,0,0,501.93,493.01,703.03,466.96
0,0,0,0,501.93,492.98,702.99,467.03
0,0,0,0,502,492.99,702.97,466.96
0,0,0,0,501.79,492.94,702.79,466.8
0,0,0,0,501.76,492.92,702.99,466.9
0,0,0,0,501.88,492.84,703.02,466.91
0,0,0,0,501.95,492.87,703.04,466.93
0,0,0,0,501.96,492.87,703.13,466.94
0,0,0,0,502.01,492.66,703.07,466.84
0,0,0,0,501.93,492.45,703.19,467.02
0,0,0,0,501.99,491.69,703.23,466.91
0,0,0,0,501.98,491.47,703.18,466.89
0,0,0,0,501.92,490.69,703.27,466.86
0,0,0,0,501.93,490.75,705.16,467.01
0,0,0,0,501.87,490.57,707.2,467.01
0,0,0,0,501.96,490.85,707.38,466.92
0,0,0,0,501.99,490.98,707.06,466.97
0,0,0,0,502.05,491,706.96,466.97
0,0,0,0,502.03,490.95,707.16,466.98
0,0,0,0,501.92,490.85,707.2,466.99
0,0,0,0,501.94,490.66,707.13,466.17
0,0,0,0,502.04,490.5,706.87,465.02
0,0,0,0,501.8,490.54,707.15,464.97
0,0,0,0,501.68,490.8,707.44,464.99
0,0,0,0,501.68,490.78,707,465.05
0,0,0,0,501.69,490.54,707.08,464.06
0,0,0,0,501.85,490.33,707.25,462.97
0,0,0,0,501.88,488.95,698.89,460.96
0,0,0,0,502.04,488.19,698.97,460.14
0,0,0,0,501.5,487.27,698.98,459.09
0,0,0,0,501.78,486.03,698.87,458.04
0,0,0,0,501.46,485.18,698.99,457.22
0,0,0,0,500.88,483.98,698.99,455.94
0,0,0,0,500.59,483.1,699.08,455.67
0,0,0,0,500.2,482.29,699.01,454.85
0,0,0,0,499.63,480.98,699.08,454.27
0,0,0,0,499.63,480.39,698.97,452.99
0,0,0,0,499.75,479.4,699.24,452.17
0,0,0,0,499.59,478.05,701.5,452.14
0,0,0,0,499.38,477.7,702.15,451.04
0,0,0,0,498.2,477.75,701.52,450.2
0,0,0,0,496.9,477.95,702.29,449.88
0,0,0,0,496.27,477.82,703.84,450.02
0,0,0,0,494.8,477.36,703.36,449.48
0,0,0,0,493.77,476.17,702.57,449
0,0,0,0,492.76,474.96,691.673067,446.758206
0,0,0,0,491.76,473.97,699.34,447.31
0,0,0,0,491.12,473.27,698.81,445.95
0,0,0,0,490.01,472.32,691.673067,444.394967
0,0,0,0,489.03,471.8,692.06,443.86
0,0,0,0,488.18,471.91,691.36,444.1
0,0,0,0,487.21,472.02,690.97,444.01
0,0,0,0,486.06,472.02,690.87,444.06
0,0,0,0,485.4,471.96,690.87,444.09
0,0,0,0,484.24,472.09,690.91,444
0,0,0,0,483.21,472.02,690.81,444.06
0,0,0,0,482.06,471.97,690.87,443.99
0,0,0,0,481.06,471.69,690.88,444.01
459.577853,494.83557,0,0,480.11,470.99,690.94,443.93
456.675359,491.936242,0,0,479.2,470.02,690.96,443.28
459.577853,470.674497,0,0,478.05,468.86,690.89,442.88
462.480348,462.942953,0,0,478.58,460.34,681.573119,438.880744
464.415344,458.110738,0,0,478.81,452.83,681.98,438.99
464.415344,452.312081,0,0,0,0,681.76,438.96
463.447846,442.647651,0,0,0,0,681.81,439.99
463.447846,435.88255,0,0,0,0,680.18,440.82
465.382842,431.050336,0,0,0,0,680.06,442.83
469.252834,423.318792,0,0,0,0,679.91,445.18
467.317838,415.587248,0,0,0,0,680.1,447.95
468.285336,410.755034,0,0,0,0,680.08,450.95
468.285336,410.755034,0,0,0,0,679.99,453.75
466.35034,408.822148,0,0,0,0,680.04,456.83
469.252834,400.124161,0,0,0,0,680.05,459.76
469.252834,395.291946,0,0,0,0,680.04,462.85
468.285336,387.560403,0,0,0,0,680.17,465.25
469.252834,382.728188,0,0,0,0,680.04,467.35
468.285336,376.92953,0,0,0,0,680.02,470.04
470.220333,370.16443,0,0,0,0,680.06,472.57
469.252834,364.365772,0,0,0,0,680.06,475.22
466.35034,352.768456,0,0,0,0,680.04,477.05
460.545351,346.003356,0,0,0,0,679.96,478.76
460.545351,346.003356,0,0,0,0,679.98,480.2
457.642857,334.40604,0,0,0,0,680.01,481.06
457.642857,328.607383,0,0,0,0,680,482.18
455.707861,318.942953,0,0,0,0,680.03,483.03
448.935374,317.97651,0,0,0,0,680.04,484.01
447.000378,309.278523,0,0,0,0,679.97,484.93
440.227891,302.513423,0,0,0,0,680,485.91
436.357899,289.949664,0,0,519.973961,327.808534,680.04,487.01
433.455404,284.151007,0,0,519.300631,323.869803,680,488.68
431.520408,276.419463,0,0,519.300631,315.992341,680.08,490.93
428.617914,271.587248,0,0,517.280642,301.025164,680.28,493.25
423.780423,269.654362,0,0,516.607312,286.845733,680.48,495.91
420.877929,264.822148,0,0,517.280642,276.605033,680.99,499.11
419.910431,259.02349,0,0,519.300631,258.486871,681.34,502.21
417.007937,250.325503,0,0,521.993951,242.731947,681.73,504.97
417.007937,242.59396,0,0,524,229,682.09,508.02
412.170446,232.92953,0,0,525.98,215.41,681.97,510.93
411.202948,238.728188,0,0,521.320621,216.736324,681.89,513.65
409.267952,231.963087,0,0,519.973961,204.132385,681.79,516.91
405.397959,224.231544,0,0,518.627301,193.103939,681.95,519.77
404.430461,218.432886,0,0,511.220673,186.801969,681.84,522.76
404.430461,207.802013,0,0,517.953972,170.2593,681.84,525.78
403.462963,202.969799,0,0,519.973961,158.443107,681.82,528.03
400.560469,194.271812,0,0,519.973961,145.839168,681.99,529.62
398.625472,189.439597,0,0,520.647291,138.749453,682.33,531.94
398.625472,183.64094,0,0,520.647291,127.721007,683.01,534.03
398.625472,172.043624,0,0,522.66728,125.357768,682.96,535.97
397.657974,162.379195,0,0,524.68727,121.419037,682.97,537.96
397.657974,151.748322,0,0,523.34061,115.904814,682.53,540.09
398.625472,146.916107,0,0,528.053919,114.329322,682.15,541.98
402.495465,136.285235,0,0,533.440558,118.268053,681.74,544.02
402.495465,129.520134,0,0,534.113887,119.055799,681.56,545.93
404.430461,124.687919,0,0,536.807207,122.206783,681.2,547.78
405.397959,116.956376,0,0,532.767228,130.084245,680.51,549.98
409.267952,123.721477,0,0,534.787217,131.659737,679.87,552.03
415.07294,126.620805,0,0,532.093898,136.386214,673.493161,557.830416
422.812925,124.687919,0,0,533.440558,147.414661,0,0
423.780423,127.587248,0,0,531.420568,151.353392,0,0
432.487906,133.385906,0,0,532.767228,161.594092,0,0
434.422902,141.11745,0,0,532.767228,169.471554,0,0
440.227891,150.781879,0,0,534.113887,182.863239,0,0
445.065382,161.412752,695.647392,512.231544,536.133877,193.891685,0,0
451.837868,175.909396,692.744898,506.432886,541.520516,210.434354,0,0
455.707861,189.439597,689.842404,498.701342,542.193845,226.977024,0,0
459.577853,202.003356,694.679894,475.506711,546.907154,239.580963,0,0
465.382842,211.667785,694.679894,463.909396,549.600473,252.184902,0,0
469.252834,226.16443,690.809902,449.412752,553.640452,265.576586,0,0
471.187831,240.661074,690.809902,443.614094,557.14,278.86,0,0
472.155329,251.291946,690.809902,428.151007,560.61,291.88,0,0
475.057823,260.956376,685.972411,397.224832,565.087059,307.327133,0,0
476.992819,269.654362,685.004913,382.728188,563.06707,313.629103,0,0
478.927816,275.45302,683.069917,360.5,564.41373,333.322757,0,0
476.025321,282.218121,678.232426,344.07047,558.353761,341.200219,0,0
468.285336,287.050336,677.264928,325.708054,554.987112,343.563457,0,0
463.447846,288.016779,662.752457,271.587248,555.660442,354.591904,0,0
454.740363,294.781879,654.044974,251.291946,552.293793,364.044858,0,0
446.03288,303.479866,648.239985,237.761745,545.560494,363.257112,0,0
454.740363,304.446309,642.434996,186.540268,543.540505,371.922319,0,0
449.902872,309.278523,641.467498,164.312081,540.173856,380.587527,0,0
442.162887,317.010067,639.532502,123.721477,540.847186,379.799781,0,0
444.097884,331.506711,632.760015,99.560403,543.540505,390.828228,0,0
451.837868,350.83557,629.857521,72.5,545.560494,397.130197,0,0
457.642857,362.432886,631.792517,58.969799,549.600473,405.795405,0,0
469.252834,387.560403,627.922525,43.506711,552.967123,420.762582,0,0
473.122827,415.587248,624.052532,32.875839,557.680431,440.456236,0,0
484.732804,444.580537,625.02003,36.741611,560.373751,461.725383,0,0
495.375283,471.64094,625.987528,40.607383,563.7404,479.843545,0,0
506.017763,508.365772,626.955026,50.271812,568.453709,500.324945,0,0
514.725246,533.493289,630.19,60.32,0,0,542.867175,78.880744
521.497732,564.419463,633.727513,80.231544,0,0,542.867175,67.852298
530.205215,584.714765,638.565004,100.526846,0,0,538.827196,58.399344
536.010204,618.540268,638.565004,113.090604,0,0,527.380589,41.856674
540.847695,646.567114,635.662509,131.45302,0,0,517.280642,29.252735
0,0,630.825019,154.647651,0,0,504.487375,30.828228
0,0,622.117536,163.345638,0,0,505.834035,34.766958
0,0,616.312547,185.573826,0,0,510.547344,41.856674
0,0,608.14,201.66,0,0,515.260652,57.611597
0,0,604.70257,217.466443,0,0,519.300631,68.640044
0,0,606.637566,237.761745,0,0,526.03393,85.182713
0,0,606.637566,245.493289,0,0,532.093898,104.088621
0,0,609.54006,255.157718,0,0,540.847186,119.055799
0,0,620.93,264.01,0,0,547.580484,134.022976
0,0,622.117536,264.822148,0,0,554.313782,146.626915
0,0,625.987528,270.620805,0,0,567.107049,173.410284
0,0,625.987528,271.587248,0,0,573.840347,192.316193
0,0,629.857521,280.285235,0,0,579.900316,206.495624
0,0,633.727513,286.083893,0,0,596.733561,224.613786
574.710128,637.869128,640.5,284.151007,0,0,600.77354,248.246171
574.710128,622.40604,655.012472,293.815436,0,0,616.260126,267.939825
575.677627,591.479866,664.687453,310.244966,0,0,622.993425,279.756018
566.002646,566.352349,686.939909,305.412752,0,0,633.093372,291.57221
568.90514,536.392617,700.484883,301.54698,0,0,638.480011,304.176149
569.872638,495.802013,710.159864,302.513423,0,0,647.906628,317.567834
569.872638,465.842282,711.127362,309.278523,0,0,653.966597,330.171772
564.067649,439.748322,724.672336,316.043624,0,0,655.986586,345.13895
564.067649,403.989933,728.542328,328.607383,0,0,660.699895,357.742888
566.970144,381.761745,732.41232,339.238255,0,0,665.413204,368.771335
558.262661,342.137584,737.249811,346.003356,0,0,666.759863,383.738512
550.522676,303.479866,744.022298,357.600671,0,0,673.493161,397.917943
546.652683,282.218121,745.957294,370.16443,0,0,674.166491,412.88512
547.620181,258.057047,749.827286,387.560403,0,0,674.166491,428.640044
545.685185,220.365772,747.89229,399.157718,0,0,674.166491,436.517505
536.977702,194.271812,746.924792,420.419463,0,0,672.819832,460.149891
533.10771,182.674497,741.119803,439.748322,0,0,670.126512,474.329322
528.270219,165.278523,740.152305,460.043624,0,0,670.126512,483.782276
521.497732,152.714765,732.41232,486.137584,0,0,669.453183,498.749453
515.692744,143.050336,727.57483,508.365772,0,0,664.066544,512.141138
508.920257,139.184564,720.802343,528.661074,617.606786,256.911379,658.006575,532.622538
500.212774,143.050336,714.029856,559.587248,615.586796,240.368709,650.599947,548.377462
492.472789,154.647651,711.127362,581.815436,614.913467,213.585339,643.193319,570.434354
488.602797,166.244966,704.354875,621.439597,617.606786,189.952954,637.806681,596.429978
488.602797,185.573826,700.484883,652.365772,616.933456,167.108315,628.380063,629.515317
481.83031,214.567114,0,0,615.586796,155.292123,624.340084,649.208972
481.83031,242.59396,0,0,616.260126,141.112691,622.320095,687.808534
491.505291,265.788591,0,0,617.606786,150.565646,0,0
501.180272,287.050336,0,0,620.973435,156.867615,0,0
507.952759,304.446309,0,0,624.340084,146.626915,0,0
517.62774,319.909396,0,0,617.606786,144.263676,0,0
530.205215,328.607383,0,0,613.566807,147.414661,0,0
535.042706,333.439597,0,0,613.566807,146.626915,0,0
545.685185,330.540268,0,0,614.240137,142.688184,0,0
546.652683,328.607383,0,0,612.893477,152.141138,0,0
537.9452,329.573826,0,0,616.933456,159.230853,0,0
542.782691,331.506711,0,0,618.953446,167.896061,0,0
544.717687,329.573826,0,0,618.953446,193.891685,0,0
546.652683,321.842282,0,0,616.260126,221.462801,0,0
550.522676,314.110738,0,0,607.506839,233.278993,0,0
550.522676,307.345638,0,0,602.79353,246.670678,0,0
552.457672,312.177852,0,0,598.753551,257.699125,0,0
543.750189,314.110738,683.069917,572.151007,594.040242,266.364333,0,0
534.075208,310.244966,686.939909,540.258389,590.000263,271.09081,0,0
513.757748,302.513423,677.264928,495.802013,584.613624,280.543764,0,0
505.050265,298.647651,672.427438,460.043624,579.226986,293.147702,0,0
498.277778,302.513423,668.557445,424.285235,573.840347,301.81291,0,0
507.952759,325.708054,668.557445,401.090604,568.453709,331.747265,0,0
501.180272,351.802013,669.524943,377.895973,568.453709,359.318381,0,0
495.375283,378.862416,670.492441,366.298658,567.780379,386.889497,0,0
498.277778,414.620805,662.752457,347.936242,560.373751,426.276805,0,0
485.700302,437.815436,657.914966,327.64094,559.700421,440.456236,0,0
498.277778,457.144295,655.012472,298.647651,563.06707,460.937637,0,0
492.472789,478.40604,651.142479,280.285235,568.453709,484.570022,0,0
502.14777,502.567114,649.207483,259.02349,575.187007,509.777899,0,0
506.017763,530.59396,645.337491,239.694631,576.533666,531.834792,0,0
516.660242,573.11745,645.337491,235.828859,579.226986,549.952954,0,0
516.660242,578.916107,645.337491,236.795302,0,0,0,0
522.465231,600.177852,645.337491,230.030201,0,0,0,0
522.465231,634.003356,643.402494,224.231544,0,0,0,0
527.302721,652.365772,646.304989,235.828859,0,0,0,0
533.10771,700.687919,646.304989,241.627517,0,0,0,0
0,0,648.239985,259.989933,0,0,0,0
0,0,648.239985,273.520134,0,0,0,0
0,0,652.109977,296.714765,0,0,592.693582,287.633479
0,0,653.077475,313.144295,0,0,595.386902,280.543764
0,0,654.044974,331.506711,0,0,593.366912,271.09081
0,0,657.914966,343.104027,0,0,592.693582,261.637856
0,0,659.849962,350.83557,0,0,591.346923,251.397155
0,0,656.947468,357.600671,0,0,592.020252,231.703501
0,0,655.97997,364.365772,0,0,593.366912,219.099562
0,0,655.97997,359.533557,0,0,602.79353,209.646608
0,0,657.914966,349.869128,0,0,609.526828,204.920131
0,0,658.882464,361.466443,0,0,618.953446,205.707877
0,0,663.719955,366.298658,0,0,614.913467,219.887309
0,0,668.557445,364.365772,0,0,614.913467,230.128009
0,0,673.394936,368.231544,0,0,612.220147,252.972648
0,0,677.264928,373.063758,0,0,607.506839,278.180525
0,0,672.427438,363.399329,0,0,612.893477,297.086433
0,0,665.654951,357.600671,0,0,619.626775,313.629103
0,0,656.947468,350.83557,0,0,623.666754,321.506565
0,0,666.622449,337.305369,0,0,629.726723,331.747265
583.417611,568.285235,685.972411,331.506711,0,0,637.133351,336.473742
569.872638,526.728188,706.289872,330.540268,0,0,643.193319,338.83698
567.937642,505.466443,712.09486,340.204698,0,0,645.886639,353.016411
566.002646,473.573826,711.127362,353.734899,0,0,647.233298,370.346827
566.970144,438.781879,709.192366,366.298658,0,0,0,0
566.970144,415.587248,707.25737,382.728188,0,0,0,0
566.002646,400.124161,706.289872,402.057047,0,0,0,0
562.132653,369.197987,706.289872,419.45302,0,0,0,0
557.295163,339.238255,709.192366,445.54698,0,0,0,0
554.392668,318.942953,713.062358,460.043624,0,0,0,0
553.42517,292.848993,714.997354,477.439597,0,0,647.906628,522.381838
553.42517,283.184564,714.997354,496.768456,0,0,647.906628,538.136761
548.58768,272.553691,704.354875,530.59396,0,0,641.17333,557.830416
544.717687,259.989933,697.582389,559.587248,0,0,633.093372,579.099562
539.880197,242.59396,693.712396,576.016779,0,0,629.053393,596.429978
533.10771,230.030201,687.907407,590.513423,0,0,626.360074,602.731947
530.205215,216.5,685.972411,606.942953,0,0,0,0
527.302721,225.197987,0,0,0,0,0,0
521.497732,229.063758,0,0,0,0,0,0
518.595238,239.694631,0,0,608.180168,291.57221,0,0
515.692744,259.02349,0,0,604.813519,264.78884,0,0
513.757748,275.45302,0,0,602.79353,232.491247,0,0
509.887755,295.748322,0,0,603.46686,218.311816,0,0
507.952759,319.909396,0,0,598.753551,217.52407,0,0
508.920257,338.271812,0,0,599.426881,212.797593,0,0
516.660242,363.399329,0,0,594.713572,215.160832,0,0
516.660242,380.795302,0,0,590.673593,218.311816,0,0
521.497732,395.291946,0,0,585.960284,218.311816,0,0
526.335223,392.392617,0,0,585.960284,222.250547,0,0
533.10771,396.258389,0,0,590.000263,215.160832,0,0
530.205215,398.191275,0,0,592.020252,221.462801,0,0
533.10771,403.989933,0,0,596.733561,233.278993,0,0
538.912698,407.855705,0,0,599.426881,245.095186,0,0
536.977702,408.822148,0,0,605.486849,264.78884,0,0
545.685185,410.755034,0,0,614.240137,282.907002,0,0
551.490174,403.989933,0,0,619.626775,293.935449,0,0
557.295163,400.124161,0,0,616.933456,315.992341,0,0
561.165155,391.426174,0,0,613.566807,327.020788,0,0
567.937642,383.694631,0,0,611.546817,334.898249,0,0
557.295163,371.130872,0,0,610.200158,339.624726,0,0
540.847695,360.5,689.842404,516.097315,598.753551,340.412473,0,0
518.595238,357.600671,691.7774,482.271812,596.733561,349.077681,0,0
521.497732,366.298658,682.102419,463.909396,592.693582,364.832604,0,0
514.725246,374.996644,680.167423,441.681208,588.653603,382.950766,0,0
517.62774,400.124161,673.394936,407.855705,587.306944,411.309628,0,0
518.595238,414.620805,673.394936,390.459732,588.653603,434.942013,0,0
524.400227,440.714765,670.492441,357.600671,589.326933,455.423414,0,0
523.432729,459.077181,664.687453,332.473154,587.980274,470.390591,0,0
518.595238,477.439597,659.849962,313.144295,589.326933,490.084245,0,0
517.62774,490.003356,656.947468,297.681208,592.020252,516.079869,0,0
525.367725,529.627517,653.077475,285.11745,596.060231,536.561269,0,0
531.172714,561.520134,650.174981,273.520134,0,0,0,0
539.880197,586.647651,641.467498,258.057047,0,0,0,0
546.652683,608.875839,636.630008,257.090604,0,0,0,0
553.42517,629.171141,641.467498,267.721477,0,0,0,0
0,0,644.369992,272.553691,0,0,0,0
0,0,649.207483,283.184564,0,0,0,0
0,0,655.012472,295.748322,0,0,0,0
0,0,658.882464,308.312081,0,0,0,0
0,0,660.81746,325.708054,0,0,0,0
0,0,663.719955,351.802013,0,0,612.220147,325.445295
0,0,667.589947,370.16443,0,0,616.933456,329.384026
0,0,668.557445,382.728188,0,0,612.893477,319.931072
0,0,669.524943,402.057047,0,0,610.200158,309.690372
0,0,669.524943,416.553691,0,0,606.160179,301.81291
0,0,671.45994,431.050336,0,0,604.140189,293.935449
0,0,665.654951,426.218121,0,0,608.180168,289.208972
0,0,665.654951,439.748322,0,0,612.893477,283.694748
0,0,669.524943,444.580537,0,0,621.646765,292.359956
0,0,666.622449,447.479866,0,0,621.646765,300.237418
0,0,664.687453,442.647651,0,0,623.666754,310.478118
0,0,664.687453,444.580537,0,0,621.646765,316.780088
0,0,666.622449,448.446309,0,0,614.913467,339.624726
0,0,673.394936,447.479866,0,0,617.606786,348.289934
0,0,673.394936,429.11745,0,0,622.320095,358.530635
0,0,669.524943,410.755034,0,0,633.093372,374.285558
0,0,668.557445,403.989933,0,0,639.82667,375.86105
577.612623,601.144295,672.427438,379.828859,0,0,647.906628,377.436543
580.515117,560.553691,679.199924,365.332215,0,0,649.926618,368.771335
572.775132,507.399329,701.452381,358.567114,0,0,647.233298,377.436543
565.035147,466.808725,701.452381,360.5,0,0,0,0
563.100151,449.412752,704.354875,365.332215,0,0,0,0
557.295163,424.285235,698.549887,378.862416,0,0,0,0
553.42517,398.191275,701.452381,388.526846,0,0,0,0
549.555178,370.16443,703.387377,405.922819,0,0,0,0
542.782691,329.573826,712.09486,420.419463,0,0,0,0
542.782691,308.312081,714.997354,432.983221,0,0,0,0
540.847695,292.848993,716.932351,452.312081,0,0,658.679905,490.084245
536.977702,267.721477,717.899849,477.439597,0,0,653.293267,519.230853
536.010204,255.157718,715.964853,507.399329,0,0,653.966597,538.924508
533.10771,265.788591,713.062358,544.124161,0,0,648.579958,560.9814
530.205215,261.922819,713.062358,559.587248,0,0,645.213309,590.915755
523.432729,250.325503,708.224868,587.614094,604.813519,444.394967,643.193319,606.670678
525.367725,254.191275,701.452381,608.875839,600.77354,430.215536,0,0
520.530234,251.291946,0,0,598.753551,379.012035,0,0
517.62774,256.124161,0,0,602.1202,347.502188,0,0
513.757748,260.956376,0,0,603.46686,319.143326,0,0
515.692744,274.486577,0,0,603.46686,303.388403,0,0
517.62774,287.050336,0,0,602.1202,285.270241,0,0
521.497732,315.077181,0,0,602.1202,275.02954,0,0
524.400227,334.40604,0,0,610.873488,268.727571,0,0
532.140212,361.466443,0,0,610.200158,274.241794,0,0
536.010204,373.063758,0,0,608.180168,265.576586,0,0
538.912698,380.795302,0,0,608.180168,262.425602,0,0
540.847695,392.392617,0,0,607.506839,254.54814,0,0
545.685185,398.191275,0,0,600.77354,245.882932,0,0
553.42517,401.090604,0,0,596.060231,245.095186,0,0
557.295163,396.258389,0,0,600.10021,240.368709,0,0
563.100151,392.392617,0,0,602.1202,247.458425,0,0
556.327664,396.258389,0,0,606.160179,260.850109,0,0
549.555178,398.191275,0,0,608.853498,268.727571,0,0
544.717687,398.191275,0,0,614.240137,294.723195,0,0
537.9452,390.459732,0,0,612.220147,315.204595,0,0
543.750189,382.728188,0,0,609.526828,330.171772,0,0
547.620181,377.895973,0,0,605.486849,346.714442,0,0
551.490174,371.130872,0,0,604.140189,356.955142,0,0
548.58768,360.5,0,0,601.44687,361.681619,0,0
542.782691,349.869128,0,0,596.733561,353.016411,0,0
536.977702,345.036913,691.7774,489.036913,593.366912,359.318381,0,0
519.562736,343.104027,685.004913,455.211409,590.000263,360.893873,0,0
514.725246,343.104027,678.232426,423.318792,587.980274,372.710066,0,0
520.530234,353.734899,679.199924,395.291946,587.980274,390.828228,0,0
528.270219,386.59396,670.492441,374.030201,587.980274,414.460613,0,0
525.367725,409.788591,663.719955,358.567114,587.306944,432.578775,0,0
517.62774,433.949664,657.914966,341.171141,587.306944,460.937637,0,0
519.562736,451.345638,650.174981,312.177852,587.980274,480.631291,0,0
520.530234,476.473154,646.304989,302.513423,590.000263,505.839168,0,0
524.400227,507.399329,642.434996,291.88255,590.673593,528.683807,0,0
533.10771,532.526846,637.597506,282.218121,592.020252,556.254923,0,0
541.815193,564.419463,634.695011,273.520134,0,0,0,0
549.555178,583.748322,633.727513,268.687919,0,0,0,0
556.327664,618.540268,639.532502,267.721477,0,0,0,0
0,0,636.630008,273.520134,0,0,0,0
0,0,640.5,279.318792,0,0,0,0
0,0,644.369992,290.916107,0,0,0,0
0,0,652.109977,304.446309,0,0,0,0
0,0,656.947468,327.64094,0,0,0,0
0,0,657.914966,346.969799,0,0,600.10021,357.742888
0,0,656.947468,365.332215,0,0,596.060231,356.167396
0,0,658.882464,393.35906,0,0,594.040242,347.502188
0,0,663.719955,409.788591,0,0,592.693582,338.83698
0,0,664.687453,418.486577,0,0,592.693582,330.959519
0,0,664.687453,425.251678,0,0,589.326933,318.35558
0,0,660.81746,431.050336,0,0,589.326933,310.478118
0,0,652.109977,431.050336,0,0,592.020252,285.270241
0,0,649.207483,426.218121,0,0,593.366912,278.180525
0,0,653.077475,421.385906,0,0,598.753551,274.241794
0,0,649.207483,421.385906,0,0,596.733561,279.756018
0,0,650.174981,423.318792,0,0,596.733561,298.661926
0,0,659.849962,424.285235,0,0,598.753551,308.902626
0,0,656.947468,422.352349,0,0,595.386902,320.718818
0,0,658.882464,413.654362,0,0,600.10021,336.473742
0,0,663.719955,397.224832,0,0,612.893477,351.440919
0,0,662.752457,388.526846,0,0,620.300105,362.469365
594.060091,636.902685,662.752457,379.828859,0,0,629.053393,367.195842
591.157596,591.479866,664.687453,364.365772,0,0,633.766702,367.983589
583.417611,547.989933,676.29743,351.802013,0,0,638.480011,368.771335
578.580121,510.298658,693.712396,347.936242,0,0,0,0
572.775132,474.540268,694.679894,352.768456,0,0,0,0
565.035147,443.614094,693.712396,362.432886,0,0,0,0
553.42517,411.721477,698.549887,374.030201,0,0,0,0
549.555178,384.661074,703.387377,393.35906,0,0,0,0
548.58768,360.5,708.224868,402.057047,0,0,0,0
546.652683,341.171141,714.029856,426.218121,0,0,0,0
540.847695,318.942953,716.932351,445.54698,0,0,0,0
535.042706,290.916107,716.932351,463.909396,0,0,0,0
527.302721,278.352349,713.062358,495.802013,0,0,651.273277,531.047046
527.302721,295.748322,709.192366,525.761745,0,0,645.213309,561.769147
526.335223,274.486577,702.419879,558.620805,0,0,641.17333,585.401532
520.530234,289.949664,697.582389,587.614094,0,0,634.440032,616.123632
522.465231,281.251678,691.7774,619.506711,0,0,0,0
523.432729,287.050336,692.744898,649.466443,0,0,0,0
523.432729,293.815436,0,0,0,0,0,0
525.367725,299.614094,0,0,0,0,0,0
526.335223,311.211409,0,0,606.833509,356.167396,0,0
529.237717,328.607383,0,0,608.180168,339.624726,0,0
531.172714,347.936242,0,0,608.180168,324.657549,0,0
534.075208,361.466443,0,0,611.546817,313.629103,0,0
534.075208,381.761745,0,0,619.626775,301.025164,0,0
535.042706,398.191275,0,0,617.606786,289.996718,0,0
536.977702,407.855705,0,0,616.933456,275.02954,0,0
540.847695,413.654362,0,0,614.240137,281.33151,0,0
547.620181,413.654362,0,0,613.566807,267.152079,0,0
552.457672,419.45302,0,0,611.546817,253.760394,0,0
552.457672,419.45302,0,0,603.46686,254.54814,0,0
552.457672,422.352349,0,0,606.833509,260.850109,0,0
553.42517,426.218121,0,0,607.506839,261.637856,0,0
553.42517,425.251678,0,0,609.526828,271.09081,0,0
548.58768,427.184564,0,0,610.200158,281.33151,0,0
546.652683,430.083893,0,0,614.240137,304.176149,0,0
550.522676,425.251678,0,0,619.626775,317.567834,0,0
548.58768,422.352349,0,0,614.240137,334.898249,0,0
555.360166,409.788591,0,0,608.180168,347.502188,0,0
560.197657,406.889262,0,0,604.813519,356.167396,0,0
569.872638,398.191275,0,0,604.813519,367.195842,0,0
563.100151,392.392617,0,0,602.1202,375.073304,0,0
546.652683,397.224832,701.452381,544.124161,598.080221,380.587527,0,0
538.912698,406.889262,702.419879,523.828859,597.406891,395.554705,0,0
538.912698,418.486577,692.744898,493.869128,596.733561,421.550328,0,0
546.652683,431.050336,696.61489,483.238255,600.77354,453.847921,0,0
551.490174,469.708054,695.647392,471.64094,602.1202,482.206783,0,0
550.522676,501.600671,691.7774,458.110738,608.180168,523.95733,0,0
546.652683,529.627517,686.939909,444.580537,602.79353,550.7407,0,0
543.750189,551.855705,683.069917,429.11745,599.426881,561.769147,0,0
542.782691,566.352349,679.199924,404.956376,600.77354,589.340263,0,0
545.685185,588.580537,680.167423,390.459732,604.813519,609.821663,0,0
548.58768,621.439597,665.654951,384.661074,610.200158,635.02954,0,0
556.327664,654.298658,666.622449,392.392617,610.873488,670.478118,0,0
561.165155,698.755034,666.622449,399.157718,0,0,0,0
0,0,663.719955,394.325503,0,0,0,0
0,0,665.654951,404.956376,0,0,0,0
0,0,671.45994,409.788591,0,0,0,0
0,0,659.849962,408.822148,0,0,0,0
0,0,658.882464,420.419463,0,0,0,0
0,0,671.45994,437.815436,0,0,0,0
0,0,667.589947,442.647651,0,0,0,0
0,0,666.622449,455.211409,0,0,0,0
0,0,667.589947,465.842282,0,0,0,0
0,0,671.45994,479.372483,0,0,619.626775,393.979212
0,0,673.394936,489.036913,0,0,617.606786,388.464989
0,0,667.589947,485.171141,0,0,616.933456,379.799781
0,0,668.557445,485.171141,0,0,617.606786,356.167396
0,0,668.557445,485.171141,0,0,622.320095,341.987965
0,0,674.362434,478.40604,0,0,625.686744,327.020788
0,0,675.329932,476.473154,0,0,629.053393,315.992341
0,0,675.329932,475.506711,0,0,629.053393,327.808534
0,0,676.29743,467.775168,0,0,632.420042,338.049234
0,0,686.939909,463.909396,0,0,628.380063,349.865427
0,0,686.939909,463.909396,0,0,624.340084,360.106127
0,0,686.939909,459.077181,0,0,620.973435,374.285558
0,0,686.939909,450.379195,0,0,625.013414,394.766958
581.482615,715.184564,670.492441,434.916107,0,0,631.073382,410.521882
578.580121,674.59396,679.199924,423.318792,0,0,637.806681,416.036105
574.710128,629.171141,685.004913,417.520134,0,0,645.213309,415.248359
570.840136,586.647651,699.517385,416.553691,0,0,646.559968,419.974836
567.937642,550.889262,709.192366,417.520134,0,0,647.233298,428.640044
572.775132,506.432886,710.159864,409.788591,0,0,646.559968,438.092998
568.90514,488.07047,708.224868,431.050336,0,0,645.886639,448.333698
566.970144,455.211409,707.25737,444.580537,0,0,645.886639,469.602845
569.872638,440.714765,708.224868,458.110738,0,0,647.906628,494.022976
570.840136,404.956376,715.964853,479.372483,0,0,647.906628,511.353392
567.937642,387.560403,717.899849,493.869128,0,0,651.273277,527.108315
566.002646,356.634228,717.899849,510.298658,0,0,651.946607,543.650985
562.132653,322.808725,715.964853,524.795302,0,0,649.926618,560.9814
550.522676,327.64094,708.224868,555.721477,0,0,641.17333,586.977024
550.522676,314.110738,706.289872,579.88255,0,0,637.133351,601.944201
544.717687,312.177852,701.452381,607.909396,0,0,635.786691,625.576586
544.717687,305.412752,694.679894,631.104027,0,0,631.073382,642.119256
545.685185,299.614094,690.809902,649.466443,0,0,618.280116,654.723195
539.880197,296.714765,0,0,0,0,0,0
538.912698,301.54698,0,0,0,0,0,0
538.912698,307.345638,0,0,0,0,0,0
538.912698,314.110738,0,0,603.46686,332.535011,0,0
543.750189,341.171141,0,0,602.79353,313.629103,0,0
545.685185,350.83557,0,0,600.77354,307.327133,0,0
546.652683,371.130872,0,0,607.506839,299.449672,0,0
547.620181,385.627517,0,0,609.526828,290.784464,0,0
550.522676,401.090604,0,0,612.220147,282.907002,0,0
551.490174,424.285235,0,0,608.853498,281.33151,0,0
554.392668,449.412752,0,0,606.833509,274.241794,0,0
556.327664,469.708054,0,0,607.506839,279.756018,0,0
557.295163,475.506711,0,0,602.79353,273.454048,0,0
565.035147,437.815436,0,0,604.140189,268.727571,0,0
559.230159,429.11745,0,0,610.200158,267.152079,0,0
562.132653,433.949664,0,0,612.893477,275.02954,0,0
559.230159,439.748322,0,0,614.913467,279.756018,0,0
562.132653,433.949664,0,0,625.686744,296.298687,0,0
566.970144,423.318792,0,0,629.726723,304.963895,0,0
573.74263,418.486577,0,0,635.113361,325.445295,0,0
577.612623,410.755034,0,0,631.746712,344.351204,0,0
593.092593,400.124161,0,0,625.686744,361.681619,0,0
595.027589,395.291946,0,0,621.646765,355.37965,0,0
598.897581,387.560403,0,0,625.686744,364.044858,0,0
588.255102,378.862416,718.867347,532.526846,629.726723,370.346827,0,0
582.450113,376.92953,709.192366,507.399329,630.400053,379.012035,0,0
571.807634,382.728188,709.192366,465.842282,627.706733,392.40372,0,0
574.710128,403.989933,708.224868,458.110738,630.400053,416.036105,0,0
576.645125,437.815436,708.224868,441.681208,627.033403,456.21116,0,0
578.580121,463.909396,705.322373,427.184564,634.440032,487.721007,0,0
572.775132,482.271812,698.549887,404.956376,628.380063,506.626915,0,0
571.807634,501.600671,690.809902,383.694631,0,0,0,0
571.807634,518.996644,686.939909,360.5,0,0,0,0
573.74263,538.325503,682.102419,347.936242,0,0,0,0
582.450113,583.748322,675.329932,349.869128,0,0,0,0
593.092593,629.171141,669.524943,350.83557,0,0,0,0
602.767574,666.862416,663.719955,355.667785,0,0,0,0
609.54006,693.922819,657.914966,362.432886,0,0,0,0
619.215042,714.218121,657.914966,362.432886,0,0,0,0
0,0,657.914966,368.231544,0,0,0,0
0,0,660.81746,379.828859,0,0,0,0
0,0,660.81746,393.35906,0,0,0,0
0,0,661.784958,413.654362,0,0,0,0
0,0,661.784958,435.88255,0,0,0,0
0,0,656.947468,458.110738,0,0,613.566807,418.399344
0,0,650.174981,486.137584,0,0,606.160179,411.309628
0,0,651.142479,505.466443,0,0,592.693582,416.036105
0,0,641.467498,521.895973,0,0,588.653603,412.88512
0,0,646.304989,522.862416,0,0,587.980274,401.856674
0,0,651.142479,526.728188,0,0,585.286954,388.464989
0,0,649.207483,518.030201,0,0,584.613624,371.922319
0,0,652.109977,512.231544,0,0,588.653603,357.742888
0,0,655.97997,508.365772,0,0,597.406891,355.37965
0,0,659.849962,502.567114,0,0,597.406891,364.044858
0,0,664.687453,492.902685,0,0,600.10021,367.983589
0,0,670.492441,483.238255,0,0,602.1202,377.436543
0,0,664.687453,470.674497,0,0,604.140189,388.464989
0,0,667.589947,446.513423,0,0,610.200158,397.917943
603.735072,698.755034,660.81746,432.983221,0,0,618.280116,405.007659
597.930083,663.963087,666.622449,417.520134,0,0,631.746712,405.007659
595.027589,605.97651,685.004913,408.822148,0,0,643.193319,405.795405
594.060091,571.184564,700.484883,402.057047,0,0,653.966597,412.88512
593.092593,541.224832,711.127362,405.922819,0,0,652.619937,419.974836
586.320106,502.567114,710.159864,415.587248,0,0,0,0
580.515117,476.473154,711.127362,431.050336,0,0,0,0
573.74263,441.681208,710.159864,448.446309,0,0,0,0
576.645125,412.687919,711.127362,464.875839,0,0,0,0
574.710128,391.426174,712.09486,486.137584,0,0,0,0
570.840136,372.097315,716.932351,502.567114,0,0,0,0
566.002646,354.701342,720.802343,530.59396,0,0,0,0
552.457672,346.003356,717.899849,560.553691,0,0,661.373225,594.06674
548.58768,338.271812,706.289872,590.513423,0,0,659.353235,614.54814
548.58768,345.036913,701.452381,614.674497,0,0,655.986586,639.756018
545.685185,355.667785,702.419879,657.197987,0,0,651.946607,671.265864
541.815193,346.969799,701.452381,682.325503,0,0,648.579958,692.535011
536.010204,346.003356,699.517385,702.620805,611.546817,465.664114,0,0
536.010204,340.204698,0,0,612.220147,451.484683,0,0
536.010204,346.003356,0,0,614.240137,423.125821,0,0
536.010204,358.567114,0,0,612.893477,391.615974,0,0
536.010204,374.996644,0,0,610.873488,371.922319,0,0
535.042706,385.627517,0,0,610.873488,357.742888,0,0
535.042706,398.191275,0,0,612.893477,341.987965,0,0
536.010204,403.02349,0,0,613.566807,330.959519,0,0
539.880197,437.815436,0,0,614.913467,323.869803,0,0
539.880197,454.244966,0,0,614.913467,312.053611,0,0
539.880197,464.875839,0,0,615.586796,299.449672,0,0
541.815193,472.607383,0,0,607.506839,289.208972,0,0
543.750189,476.473154,0,0,609.526828,280.543764,0,0
545.685185,471.64094,0,0,607.506839,286.845733,0,0
548.58768,463.909396,0,0,608.853498,290.784464,0,0
553.42517,461.97651,0,0,612.220147,298.661926,0,0
549.555178,454.244966,0,0,614.913467,307.327133,0,0
549.555178,459.077181,0,0,620.300105,325.445295,0,0
552.457672,443.614094,0,0,622.993425,337.261488,0,0
551.490174,441.681208,0,0,622.993425,349.077681,0,0
555.360166,422.352349,0,0,613.566807,363.257112,0,0
564.067649,406.889262,0,0,609.526828,372.710066,0,0
567.937642,399.157718,0,0,608.180168,379.012035,0,0
567.937642,393.35906,710.159864,589.54698,609.526828,383.738512,0,0
555.360166,400.124161,697.582389,534.459732,610.873488,388.464989,0,0
551.490174,394.325503,699.517385,498.701342,612.893477,396.342451,0,0
548.58768,404.956376,696.61489,469.708054,613.566807,413.672867,0,0
549.555178,421.385906,692.744898,460.043624,614.913467,449.121444,0,0
551.490174,446.513423,689.842404,445.54698,612.893477,477.480306,0,0
542.782691,475.506711,686.939909,423.318792,610.873488,500.324945,0,0
540.847695,494.83557,679.199924,404.956376,602.1202,536.561269,0,0
530.205215,534.459732,674.362434,381.761745,594.713572,566.495624,0,0
524.400227,548.956376,664.687453,357.600671,593.366912,583.826039,0,0
524.400227,562.486577,650.174981,339.238255,592.693582,594.06674,0,0
525.367725,599.211409,648.239985,343.104027,590.673593,609.033917,0,0
536.977702,623.372483,650.174981,346.003356,0,0,0,0
541.815193,657.197987,651.142479,339.238255,0,0,0,0
547.620181,682.325503,655.97997,340.204698,0,0,0,0
556.327664,708.419463,663.719955,337.305369,0,0,0,0
0,0,667.589947,349.869128,0,0,0,0
0,0,673.394936,362.432886,0,0,0,0
0,0,677.264928,377.895973,0,0,0,0
0,0,680.167423,397.224832,0,0,620.973435,381.375274
0,0,679.199924,408.822148,0,0,628.380063,375.86105
0,0,679.199924,425.251678,0,0,627.033403,367.195842
0,0,676.29743,443.614094,0,0,624.340084,356.167396
0,0,673.394936,459.077181,0,0,621.646765,347.502188
0,0,672.427438,470.674497,0,0,619.626775,341.200219
0,0,660.81746,477.439597,0,0,621.646765,330.171772
0,0,666.622449,469.708054,0,0,625.686744,312.053611
0,0,668.557445,485.171141,0,0,629.053393,304.963895
0,0,666.622449,456.177852,0,0,637.806681,299.449672
0,0,669.524943,470.674497,0,0,637.806681,304.963895
0,0,691.7774,454.244966,0,0,647.906628,318.35558
0,0,696.61489,456.177852,0,0,648.579958,324.657549
0,0,703.387377,442.647651,0,0,647.233298,337.261488
0,0,700.484883,452.312081,0,0,644.539979,342.775711
0,0,695.647392,433.949664,0,0,649.253288,360.106127
588.255102,703.587248,693.712396,416.553691,0,0,655.313256,375.073304
589.2226,679.426174,694.679894,402.057047,0,0,658.006575,382.950766
588.255102,630.137584,696.61489,407.855705,0,0,662.046554,390.828228
585.352608,601.144295,705.322373,398.191275,0,0,669.453183,398.705689
581.482615,566.352349,723.704837,403.02349,0,0,0,0
578.580121,535.426174,744.989796,406.889262,0,0,0,0
577.612623,490.003356,744.989796,431.050336,0,0,0,0
579.547619,465.842282,742.087302,440.714765,0,0,0,0
583.417611,449.412752,742.087302,463.909396,0,0,0,0
584.38511,426.218121,747.89229,485.171141,0,0,0,0
584.38511,394.325503,736.282313,493.869128,0,0,0,0
574.710128,361.466443,742.087302,501.600671,0,0,0,0
571.807634,337.305369,740.152305,530.59396,0,0,0,0
565.035147,335.372483,741.119803,543.157718,0,0,663.393214,595.642232
561.165155,342.137584,737.249811,579.88255,0,0,660.699895,616.911379
565.035147,325.708054,720.802343,617.573826,0,0,657.333246,642.907002
558.262661,316.043624,718.867347,654.298658,0,0,653.966597,664.176149
555.360166,330.540268,712.09486,679.426174,0,0,0,0
554.392668,344.07047,0,0,0,0,0,0
557.295163,325.708054,0,0,627.706733,415.248359,0,0
548.58768,334.40604,0,0,627.706733,394.766958,0,0
545.685185,354.701342,0,0,622.320095,363.257112,0,0
541.815193,366.298658,0,0,619.626775,330.959519,0,0
537.9452,384.661074,0,0,621.646765,316.780088,0,0
536.010204,397.224832,0,0,618.280116,305.751641,0,0
534.075208,413.654362,0,0,616.260126,293.935449,0,0
533.10771,434.916107,0,0,609.526828,286.845733,0,0
533.10771,457.144295,0,0,606.160179,290.784464,0,0
534.075208,466.808725,0,0,604.140189,282.907002,0,0
539.880197,455.211409,0,0,604.140189,273.454048,0,0
544.717687,439.748322,0,0,602.79353,264.001094,0,0
545.685185,448.446309,0,0,598.753551,256.123632,0,0
550.522676,430.083893,0,0,601.44687,263.213348,0,0
551.490174,444.580537,0,0,602.1202,270.303063,0,0
551.490174,433.949664,0,0,604.813519,279.756018,0,0
551.490174,428.151007,0,0,608.853498,292.359956,0,0
547.620181,427.184564,0,0,614.240137,304.963895,0,0
556.327664,413.654362,0,0,615.586796,319.143326,0,0
556.327664,401.090604,0,0,609.526828,329.384026,0,0
563.100151,390.459732,0,0,608.180168,341.200219,0,0
566.970144,383.694631,0,0,605.486849,351.440919,0,0
556.327664,382.728188,0,0,604.140189,359.318381,0,0
552.457672,377.895973,717.899849,516.097315,604.813519,367.983589,0,0
540.847695,367.265101,717.899849,482.271812,607.506839,382.16302,0,0
540.847695,379.828859,714.997354,464.875839,608.853498,395.554705,0,0
548.58768,404.956376,713.062358,444.580537,610.200158,429.42779,0,0
556.327664,432.983221,710.159864,426.218121,612.893477,457.786652,0,0
556.327664,453.278523,705.322373,407.855705,613.566807,483.782276,0,0
556.327664,470.674497,689.842404,385.627517,610.873488,512.928884,0,0
549.555178,500.634228,682.102419,366.298658,610.873488,527.108315,0,0
545.685185,517.063758,681.134921,348.902685,612.220147,545.226477,0,0
545.685185,540.258389,674.362434,324.741611,0,0,0,0
553.42517,579.88255,657.914966,326.674497,0,0,0,0
560.197657,603.077181,656.947468,337.305369,0,0,0,0
564.067649,638.83557,652.109977,329.573826,0,0,0,0
568.90514,667.828859,651.142479,334.40604,0,0,0,0
575.677627,699.721477,655.97997,337.305369,0,0,0,0
0,0,650.174981,346.003356,0,0,0,0
0,0,653.077475,353.734899,0,0,0,0
0,0,661.784958,373.063758,0,0,0,0
0,0,669.524943,389.493289,0,0,630.400053,386.889497
0,0,674.362434,406.889262,0,0,628.380063,378.224289
0,0,680.167423,422.352349,0,0,625.013414,373.497812
0,0,678.232426,449.412752,0,0,621.646765,370.346827
0,0,676.29743,468.741611,0,0,618.280116,367.983589
0,0,670.492441,488.07047,0,0,610.873488,362.469365
0,0,665.654951,497.734899,0,0,609.526828,355.37965
0,0,664.687453,507.399329,0,0,610.200158,342.775711
0,0,664.687453,502.567114,0,0,613.566807,332.535011
0,0,661.784958,490.969799,0,0,619.626775,323.082057
0,0,658.882464,484.204698,0,0,619.626775,327.808534
0,0,660.81746,486.137584,0,0,619.626775,331.747265
0,0,673.394936,471.64094,0,0,620.300105,343.563457
0,0,680.167423,465.842282,0,0,614.240137,356.167396
0,0,665.654951,452.312081,0,0,620.973435,365.62035
0,0,673.394936,439.748322,0,0,631.746712,384.526258
0,0,658.882464,426.218121,0,0,639.82667,393.191466
0,0,667.589947,414.620805,0,0,647.906628,396.342451
592.125094,637.869128,692.744898,399.157718,0,0,654.639926,401.068928
596.962585,615.64094,694.679894,392.392617,0,0,653.966597,399.493435
595.027589,552.822148,718.867347,386.59396,0,0,0,0
587.287604,526.728188,715.964853,394.325503,0,0,0,0
584.38511,493.869128,714.997354,404.956376,0,0,0,0
586.320106,457.144295,713.062358,415.587248,0,0,0,0
584.38511,425.251678,713.062358,431.050336,0,0,0,0
582.450113,402.057047,717.899849,446.513423,0,0,0,0
573.74263,374.996644,718.867347,455.211409,0,0,0,0
557.295163,339.238255,714.997354,470.674497,0,0,0,0
548.58768,322.808725,713.062358,488.07047,0,0,0,0
537.9452,303.479866,705.322373,517.063758,0,0,0,0
533.10771,296.714765,695.647392,559.587248,0,0,633.766702,584.613786
532.140212,291.88255,686.939909,594.379195,0,0,0,0
526.335223,289.949664,683.069917,619.506711,0,0,0,0
518.595238,288.983221,0,0,0,0,0,0
517.62774,280.285235,0,0,598.753551,385.314004,0,0
518.595238,285.11745,0,0,598.080221,370.346827,0,0
516.660242,291.88255,0,0,597.406891,325.445295,0,0
515.692744,298.647651,0,0,596.060231,308.11488,0,0
515.692744,307.345638,0,0,598.080221,287.633479,0,0
521.497732,329.573826,0,0,600.10021,273.454048,0,0
524.400227,345.036913,0,0,596.733561,268.727571,0,0
531.172714,372.097315,0,0,596.733561,256.123632,0,0
532.140212,409.788591,0,0,594.713572,265.576586,0,0
533.10771,431.050336,0,0,590.673593,247.458425,0,0
539.880197,441.681208,0,0,592.020252,256.123632,0,0
545.685185,431.050336,0,0,594.040242,247.458425,0,0
554.392668,434.916107,0,0,597.406891,250.609409,0,0
545.685185,437.815436,0,0,597.406891,250.609409,0,0
545.685185,442.647651,0,0,598.080221,257.699125,0,0
551.490174,442.647651,0,0,602.1202,270.303063,0,0
552.457672,436.848993,0,0,604.813519,286.845733,0,0
552.457672,430.083893,0,0,606.833509,297.086433,0,0
555.360166,425.251678,0,0,610.873488,310.478118,0,0
554.392668,404.956376,0,0,607.506839,329.384026,0,0
556.327664,394.325503,0,0,601.44687,341.200219,0,0
563.100151,391.426174,0,0,596.733561,350.653173,0,0
561.165155,382.728188,0,0,594.040242,361.681619,0,0
545.685185,371.130872,0,0,591.346923,357.742888,0,0
536.010204,370.16443,0,0,594.713572,362.469365,0,0
533.10771,361.466443,690.809902,486.137584,595.386902,371.134573,0,0
544.717687,355.667785,690.809902,464.875839,599.426881,388.464989,0,0
553.42517,397.224832,692.744898,443.614094,605.486849,408.946389,0,0
559.230159,414.620805,694.679894,419.45302,607.506839,433.366521,0,0
560.197657,432.983221,690.809902,402.057047,605.486849,467.239606,0,0
559.230159,445.54698,683.069917,385.627517,602.79353,490.084245,0,0
550.522676,496.768456,676.29743,369.197987,597.406891,509.777899,0,0
544.717687,526.728188,669.524943,349.869128,595.386902,534.985777,0,0
544.717687,544.124161,664.687453,330.540268,597.406891,561.769147,0,0
545.685185,566.352349,655.97997,313.144295,602.79353,595.642232,0,0
553.42517,597.278523,644.369992,313.144295,0,0,0,0
563.100151,633.036913,648.239985,329.573826,0,0,0,0
571.807634,661.063758,647.272487,315.077181,0,0,0,0
0,0,647.272487,321.842282,0,0,0,0
0,0,643.402494,325.708054,0,0,0,0
0,0,642.434996,330.540268,0,0,0,0
0,0,644.369992,346.003356,0,0,0,0
0,0,637.597506,358.567114,0,0,602.79353,358.530635
0,0,643.402494,370.16443,0,0,592.693582,343.563457
0,0,643.402494,386.59396,0,0,592.020252,338.049234
0,0,644.369992,410.755034,0,0,584.613624,329.384026
0,0,641.467498,412.687919,0,0,573.840347,313.629103
0,0,637.597506,430.083893,0,0,570.473698,304.963895
0,0,631.792517,438.781879,0,0,570.473698,290.784464
0,0,632.760015,437.815436,0,0,572.493688,280.543764
0,0,632.760015,435.88255,0,0,575.860337,272.666302
0,0,617.280045,430.083893,0,0,579.900316,277.392779
0,0,625.987528,447.479866,0,0,581.920305,286.845733
0,0,627.922525,450.379195,0,0,581.920305,293.935449
0,0,637.597506,446.513423,0,0,583.266965,315.204595
0,0,643.402494,453.278523,0,0,580.573645,331.747265
0,0,642.434996,449.412752,0,0,577.880326,350.653173
0,0,641.467498,443.614094,0,0,575.187007,360.106127
0,0,637.597506,425.251678,0,0,581.920305,376.648796
551.490174,662.030201,632.760015,413.654362,0,0,593.366912,383.738512
550.522676,618.540268,630.825019,396.258389,0,0,602.1202,383.738512
538.912698,553.788591,645.337491,380.795302,0,0,609.526828,379.799781
542.782691,524.795302,663.719955,371.130872,0,0,612.893477,377.436543
543.750189,492.902685,680.167423,365.332215,0,0,614.913467,383.738512
543.750189,451.345638,685.004913,375.963087,0,0,0,0
543.750189,410.755034,680.167423,385.627517,0,0,0,0
543.750189,386.59396,681.134921,398.191275,0,0,0,0
542.782691,363.399329,679.199924,420.419463,0,0,0,0
532.140212,327.64094,676.29743,440.714765,0,0,0,0
520.530234,298.647651,675.329932,452.312081,0,0,0,0
516.660242,271.587248,670.492441,471.64094,0,0,0,0
512.790249,251.291946,664.687453,513.197987,0,0,603.46686,539.712254
507.952759,263.855705,663.719955,534.459732,0,0,602.79353,553.103939
503.115268,270.620805,657.914966,570.218121,0,0,594.040242,589.340263
506.017763,261.922819,653.077475,597.278523,0,0,594.040242,612.184902
512.790249,259.02349,649.207483,623.372483,0,0,0,0
506.017763,265.788591,0,0,0,0,0,0
497.31028,273.520134,0,0,574.513677,350.653173,0,0
491.505291,280.285235,0,0,578.553656,330.959519,0,0
488.602797,285.11745,0,0,578.553656,308.11488,0,0
489.570295,304.446309,0,0,573.167017,279.756018,0,0
490.537793,318.942953,0,0,573.167017,263.213348,0,0
492.472789,334.40604,0,0,577.206996,249.821663,0,0
506.985261,368.231544,0,0,581.246975,228.552516,0,0
512.790249,393.35906,0,0,581.920305,236.429978,0,0
514.725246,403.989933,0,0,583.940295,256.123632,0,0
520.530234,419.45302,0,0,585.960284,233.278993,0,0
525.367725,438.781879,0,0,582.593635,252.184902,0,0
531.172714,417.520134,0,0,579.226986,230.915755,0,0
529.237717,427.184564,0,0,581.246975,249.821663,0,0
534.075208,433.949664,0,0,578.553656,245.095186,0,0
535.042706,409.788591,0,0,583.266965,249.033917,0,0
531.172714,421.385906,0,0,585.960284,262.425602,0,0
531.172714,406.889262,0,0,586.633614,273.454048,0,0
533.10771,414.620805,0,0,595.386902,294.723195,0,0
539.880197,404.956376,0,0,598.080221,299.449672,0,0
545.685185,382.728188,0,0,599.426881,307.327133,0,0
547.620181,393.35906,0,0,601.44687,324.657549,0,0
560.197657,372.097315,0,0,601.44687,331.747265,0,0
562.132653,365.332215,0,0,603.46686,338.83698,0,0
555.360166,373.063758,694.679894,506.432886,605.486849,352.228665,0,0
548.58768,362.432886,697.582389,479.372483,606.160179,359.318381,0,0
537.9452,347.936242,699.517385,455.211409,608.180168,365.62035,0,0
532.140212,356.634228,687.907407,428.151007,606.160179,386.889497,0,0
538.912698,388.526846,678.232426,393.35906,604.140189,406.583151,0,0
541.815193,403.989933,676.29743,371.130872,604.813519,435.729759,0,0
546.652683,433.949664,675.329932,353.734899,0,0,0,0
549.555178,461.010067,672.427438,336.338926,0,0,0,0
549.555178,482.271812,665.654951,323.775168,0,0,0,0
554.392668,522.862416,656.947468,309.278523,0,0,0,0
558.262661,553.788591,650.174981,316.043624,0,0,0,0
569.872638,589.54698,640.5,310.244966,0,0,0,0
577.612623,626.271812,638.565004,326.674497,0,0,0,0
0,0,627.922525,320.875839,0,0,0,0
0,0,625.02003,327.64094,0,0,0,0
0,0,625.987528,336.338926,0,0,0,0
0,0,625.987528,346.969799,0,0,0,0
0,0,633.727513,359.533557,0,0,0,0
0,0,636.630008,366.298658,0,0,0,0
0,0,640.5,374.996644,0,0,0,0
0,0,649.207483,394.325503,0,0,604.140189,367.983589
0,0,654.044974,408.822148,0,0,600.77354,348.289934
0,0,657.914966,426.218121,0,0,592.693582,337.261488
0,0,654.044974,446.513423,0,0,590.000263,330.959519
0,0,650.174981,466.808725,0,0,590.673593,342.775711
0,0,648.239985,477.439597,0,0,590.673593,322.294311
0,0,643.402494,468.741611,0,0,587.980274,301.81291
0,0,638.565004,470.674497,0,0,589.326933,318.35558
0,0,649.207483,467.775168,0,0,594.040242,294.723195
0,0,640.5,463.909396,0,0,596.060231,318.35558
0,0,650.174981,461.010067,0,0,600.10021,328.59628
0,0,655.97997,458.110738,0,0,598.753551,343.563457
0,0,668.557445,459.077181,0,0,600.10021,347.502188
0,0,660.81746,457.144295,0,0,607.506839,362.469365
593.092593,709.385906,664.687453,438.781879,0,0,622.993425,374.285558
595.995087,672.661074,662.752457,428.151007,0,0,626.360074,379.799781
590.190098,636.902685,660.81746,421.385906,0,0,645.886639,390.040481
594.060091,578.916107,657.914966,413.654362,0,0,659.353235,387.677243
593.092593,544.124161,701.452381,400.124161,0,0,666.759863,387.677243
601.800076,503.533557,722.737339,392.392617,0,0,665.413204,398.705689
604.70257,461.010067,724.672336,381.761745,0,0,0,0
595.995087,423.318792,726.607332,401.090604,0,0,0,0
592.125094,402.057047,721.769841,405.922819,0,0,0,0
584.38511,376.92953,721.769841,425.251678,0,0,0,0
582.450113,351.802013,721.769841,443.614094,0,0,0,0
574.710128,323.775168,720.802343,453.278523,0,0,0,0
562.132653,298.647651,717.899849,467.775168,0,0,0,0
548.58768,271.587248,714.029856,518.030201,0,0,0,0
547.620181,284.151007,710.159864,541.224832,0,0,643.193319,575.948578
542.782691,284.151007,703.387377,568.285235,0,0,642.519989,590.915755
533.10771,284.151007,692.744898,598.244966,0,0,629.053393,630.303063
523.432729,288.983221,685.972411,632.07047,0,0,628.380063,650.784464
512.790249,294.781879,680.167423,664.92953,0,0,0,0
495.375283,300.580537,0,0,600.10021,399.493435,0,0
484.732804,309.278523,0,0,593.366912,384.526258,0,0
482.797808,328.607383,0,0,588.653603,361.681619,0,0
484.732804,337.305369,0,0,587.980274,335.685996,0,0
484.732804,358.567114,0,0,579.900316,315.204595,0,0
487.635299,374.996644,0,0,579.226986,297.086433,0,0
492.472789,381.761745,0,0,579.226986,285.270241,0,0
502.14777,418.486577,0,0,581.920305,286.057987,0,0
512.790249,438.781879,0,0,577.880326,279.756018,0,0
519.562736,454.244966,0,0,575.187007,274.241794,0,0
522.465231,464.875839,0,0,572.493688,270.303063,0,0
523.432729,471.64094,0,0,569.127038,267.939825,0,0
524.400227,458.110738,0,0,569.127038,264.78884,0,0
527.302721,451.345638,0,0,569.127038,269.515317,0,0
521.497732,450.379195,0,0,571.147028,279.756018,0,0
518.595238,456.177852,0,0,571.147028,286.057987,0,0
516.660242,446.513423,0,0,577.206996,303.388403,0,0
516.660242,438.781879,0,0,581.246975,315.204595,0,0
515.692744,431.050336,0,0,579.226986,327.808534,0,0
520.530234,401.090604,0,0,577.880326,341.987965,0,0
536.977702,389.493289,0,0,577.880326,345.926696,0,0
545.685185,373.063758,0,0,579.226986,351.440919,0,0
532.140212,365.332215,686.939909,563.45302,583.940295,354.591904,0,0
518.595238,367.265101,683.069917,523.828859,587.306944,361.681619,0,0
519.562736,355.667785,681.134921,491.936242,587.980274,376.648796,0,0
515.692744,372.097315,675.329932,468.741611,584.613624,398.705689,0,0
515.692744,388.526846,663.719955,448.446309,581.246975,418.399344,0,0
517.62774,404.956376,657.914966,422.352349,0,0,0,0
519.562736,416.553691,656.947468,390.459732,0,0,0,0
519.562736,436.848993,649.207483,351.802013,0,0,0,0
519.562736,447.479866,641.467498,321.842282,0,0,0,0
520.530234,458.110738,635.662509,296.714765,0,0,0,0
526.335223,514.16443,628.890023,295.748322,0,0,0,0
531.172714,548.956376,622.117536,300.580537,0,0,0,0
543.750189,584.714765,623.085034,312.177852,0,0,0,0
561.165155,633.036913,616.312547,314.110738,0,0,0,0
560.197657,641.734899,622.117536,311.211409,0,0,0,0
558.262661,675.560403,616.312547,310.244966,0,0,0,0
0,0,620.18254,317.97651,0,0,0,0
0,0,620.18254,329.573826,0,0,0,0
0,0,624.052532,343.104027,0,0,0,0
0,0,627.922525,354.701342,0,0,598.080221,389.252735
0,0,635.662509,397.224832,0,0,595.386902,384.526258
0,0,638.565004,407.855705,0,0,593.366912,377.436543
0,0,644.369992,425.251678,0,0,589.326933,370.346827
0,0,653.077475,454.244966,0,0,585.960284,365.62035
0,0,655.012472,480.338926,0,0,583.940295,359.318381
0,0,652.109977,502.567114,0,0,578.553656,347.502188
0,0,645.337491,498.701342,0,0,584.613624,330.959519
0,0,638.565004,490.003356,0,0,584.613624,327.020788
0,0,637.597506,485.171141,0,0,589.326933,317.567834
0,0,640.5,480.338926,0,0,594.713572,312.841357
0,0,644.369992,474.540268,0,0,597.406891,327.020788
0,0,650.174981,475.506711,0,0,600.77354,338.049234
0,0,655.012472,472.607383,0,0,600.10021,353.804158
0,0,664.687453,466.808725,0,0,600.77354,360.106127
0,0,670.492441,466.808725,0,0,609.526828,378.224289
586.320106,716.151007,669.524943,450.379195,0,0,618.953446,392.40372
591.157596,667.828859,668.557445,445.54698,0,0,628.380063,397.917943
591.157596,618.540268,664.687453,428.151007,0,0,638.480011,397.917943
592.125094,568.285235,670.492441,404.956376,0,0,0,0
584.38511,526.728188,699.517385,380.795302,0,0,0,0
578.580121,490.969799,720.802343,374.996644,0,0,0,0
581.482615,460.043624,720.802343,383.694631,0,0,0,0
572.775132,429.11745,714.029856,403.989933,0,0,0,0
562.132653,401.090604,709.192366,420.419463,0,0,0,0
559.230159,366.298658,705.322373,432.983221,0,0,0,0
544.717687,345.036913,703.387377,455.211409,0,0,0,0
542.782691,328.607383,700.484883,469.708054,0,0,0,0
524.400227,304.446309,699.517385,489.036913,0,0,0,0
528.270219,290.916107,696.61489,530.59396,0,0,0,0
517.62774,282.218121,699.517385,562.486577,0,0,632.420042,581.462801
515.692744,287.050336,683.069917,593.412752,0,0,625.013414,624.78884
522.465231,278.352349,677.264928,636.902685,0,0,622.993425,646.845733
507.952759,288.016779,669.524943,652.365772,596.733561,466.45186,0,0
506.017763,273.520134,672.427438,651.399329,594.040242,428.640044,0,0
504.082766,303.479866,0,0,592.693582,379.799781,0,0
502.14777,283.184564,0,0,584.613624,350.653173,0,0
504.082766,312.177852,0,0,585.286954,332.535011,0,0
504.082766,332.473154,0,0,583.940295,302.600656,0,0
506.985261,323.775168,0,0,586.633614,289.208972,0,0
506.017763,339.238255,0,0,585.960284,289.996718,0,0
508.920257,375.963087,0,0,587.306944,277.392779,0,0
511.822751,403.989933,0,0,585.960284,274.241794,0,0
513.757748,424.285235,0,0,586.633614,279.756018,0,0
521.497732,446.513423,0,0,586.633614,280.543764,0,0
528.270219,462.942953,0,0,586.633614,278.180525,0,0
536.010204,476.473154,0,0,586.633614,275.817287,0,0
545.685185,476.473154,0,0,585.960284,278.180525,0,0
546.652683,454.244966,0,0,587.306944,287.633479,0,0
543.750189,473.573826,0,0,589.326933,294.723195,0,0
542.782691,466.808725,0,0,589.326933,308.11488,0,0
542.782691,461.010067,0,0,593.366912,322.294311,0,0
536.977702,461.97651,0,0,596.733561,332.535011,0,0
534.075208,446.513423,0,0,597.406891,339.624726,0,0
541.815193,431.050336,0,0,594.713572,346.714442,0,0
544.717687,410.755034,0,0,591.346923,360.106127,0,0
547.620181,401.090604,0,0,591.346923,373.497812,0,0
550.522676,391.426174,0,0,586.633614,363.257112,0,0
536.977702,380.795302,0,0,587.980274,368.771335,0,0
528.270219,371.130872,0,0,590.673593,375.073304,0,0
513.757748,363.399329,0,0,591.346923,379.012035,0,0
505.050265,374.996644,687.907407,436.848993,580.573645,405.007659,0,0
514.725246,391.426174,670.492441,414.620805,580.573645,416.036105,0,0
515.692744,399.157718,654.044974,381.761745,578.553656,442.031729,0,0
515.692744,413.654362,646.304989,346.003356,577.206996,454.635667,0,0
515.692744,428.151007,642.434996,301.54698,578.553656,475.117068,0,0
521.497732,461.97651,636.630008,296.714765,581.920305,497.173961,0,0
527.302721,503.533557,631.792517,292.848993,0,0,0,0
535.042706,535.426174,631.792517,307.345638,0,0,0,0
544.717687,569.251678,631.792517,296.714765,0,0,0,0
548.58768,615.64094,621.150038,293.815436,0,0,0,0
555.360166,627.238255,620.18254,303.479866,0,0,0,0
557.295163,658.16443,625.02003,292.848993,0,0,0,0
0,0,628.890023,305.412752,0,0,0,0
0,0,631.792517,318.942953,0,0,0,0
0,0,633.727513,337.305369,0,0,0,0
0,0,637.597506,352.768456,0,0,0,0
0,0,642.434996,369.197987,0,0,0,0
0,0,649.207483,391.426174,0,0,600.77354,379.012035
0,0,655.012472,416.553691,0,0,600.10021,371.134573
0,0,656.947468,430.083893,0,0,598.080221,364.832604
0,0,655.012472,465.842282,0,0,591.346923,358.530635
0,0,650.174981,475.506711,0,0,590.000263,352.228665
0,0,649.207483,490.003356,0,0,592.020252,339.624726
0,0,649.207483,497.734899,0,0,594.040242,327.808534
0,0,644.369992,495.802013,0,0,595.386902,322.294311
0,0,644.369992,490.003356,0,0,603.46686,323.869803
0,0,649.207483,486.137584,0,0,610.873488,325.445295
0,0,649.207483,481.305369,0,0,612.220147,334.110503
0,0,649.207483,476.473154,0,0,606.160179,343.563457
0,0,661.784958,466.808725,0,0,602.79353,353.016411
0,0,663.719955,461.010067,0,0,602.79353,369.559081
0,0,664.687453,446.513423,0,0,615.586796,383.738512
0,0,661.784958,428.151007,0,0,622.320095,392.40372
595.995087,656.231544,660.81746,418.486577,0,0,637.806681,392.40372
587.287604,626.271812,662.752457,410.755034,0,0,645.886639,386.101751
599.865079,552.822148,677.264928,389.493289,0,0,651.273277,382.950766
600.832577,517.063758,694.679894,378.862416,0,0,0,0
603.735072,484.204698,720.802343,377.895973,0,0,0,0
606.637566,442.647651,717.899849,391.426174,0,0,0,0
590.190098,403.02349,716.932351,398.191275,0,0,0,0
587.287604,390.459732,716.932351,421.385906,0,0,0,0
580.515117,376.92953,715.964853,439.748322,0,0,0,0
577.612623,354.701342,714.997354,459.077181,0,0,0,0
569.872638,334.40604,714.997354,471.64094,0,0,0,0
552.457672,317.010067,714.997354,486.137584,0,0,653.966597,540.5
552.457672,296.714765,695.647392,554.755034,0,0,643.866649,564.132385
541.815193,288.016779,694.679894,564.419463,0,0,633.766702,598.00547
529.237717,284.151007,687.907407,587.614094,0,0,627.706733,620.062363
525.367725,279.318792,676.29743,614.674497,0,0,622.320095,637.392779
520.530234,276.419463,666.622449,642.701342,0,0,615.586796,651.57221
511.822751,273.520134,669.524943,686.191275,596.060231,408.946389,0,0
509.887755,294.781879,0,0,596.733561,391.615974,0,0
508.920257,308.312081,0,0,593.366912,366.408096,0,0
508.920257,314.110738,0,0,592.020252,347.502188,0,0
508.920257,329.573826,0,0,591.346923,314.416849,0,0
512.790249,342.137584,0,0,595.386902,295.510941,0,0
514.725246,355.667785,0,0,596.060231,286.057987,0,0
515.692744,366.298658,0,0,594.713572,271.09081,0,0
518.595238,386.59396,0,0,594.040242,264.78884,0,0
528.270219,420.419463,0,0,588.653603,255.335886,0,0
532.140212,435.88255,0,0,586.633614,259.274617,0,0
536.977702,447.479866,0,0,582.593635,259.274617,0,0
539.880197,452.312081,0,0,577.880326,260.062363,0,0
547.620181,452.312081,0,0,582.593635,260.850109,0,0
540.847695,443.614094,0,0,582.593635,264.78884,0,0
546.652683,447.479866,0,0,582.593635,272.666302,0,0
540.847695,449.412752,0,0,583.940295,282.119256,0,0
538.912698,422.352349,0,0,588.653603,294.723195,0,0
537.9452,434.916107,0,0,596.060231,307.327133,0,0
541.815193,417.520134,0,0,598.080221,319.931072,0,0
548.58768,401.090604,0,0,598.080221,330.171772,0,0
559.230159,389.493289,0,0,594.713572,342.775711,0,0
560.197657,398.191275,0,0,593.366912,356.167396,0,0
562.132653,377.895973,0,0,594.040242,360.106127,0,0
543.750189,365.332215,0,0,593.366912,350.653173,0,0
536.977702,354.701342,0,0,594.713572,356.167396,0,0
533.10771,346.969799,0,0,598.753551,362.469365,0,0
530.205215,340.204698,692.744898,415.587248,601.44687,370.346827,0,0
532.140212,365.332215,685.972411,382.728188,600.10021,399.493435,0,0
536.977702,388.526846,681.134921,369.197987,597.406891,415.248359,0,0
537.9452,406.889262,676.29743,351.802013,596.733561,440.456236,0,0
537.9452,424.285235,666.622449,329.573826,592.693582,451.484683,0,0
534.075208,450.379195,667.589947,315.077181,592.693582,473.541575,0,0
538.912698,469.708054,664.687453,295.748322,0,0,0,0
542.782691,512.231544,655.97997,277.385906,0,0,0,0
548.58768,545.090604,640.5,273.520134,0,0,0,0
553.42517,577.949664,631.792517,280.285235,0,0,0,0
554.392668,616.607383,621.150038,292.848993,0,0,0,0
0,0,613.410053,298.647651,0,0,0,0
0,0,608.572562,300.580537,0,0,0,0
0,0,609.54006,308.312081,0,0,0,0
0,0,610.507559,315.077181,0,0,0,0
0,0,629.857521,348.902685,0,0,0,0
0,0,623.085034,374.996644,0,0,0,0
0,0,626.955026,395.291946,0,0,598.080221,369.559081
0,0,635.662509,424.285235,0,0,601.44687,371.922319
0,0,642.434996,440.714765,0,0,599.426881,363.257112
0,0,646.304989,461.010067,0,0,594.040242,356.955142
0,0,648.239985,477.439597,0,0,597.406891,351.440919
0,0,651.142479,495.802013,0,0,596.733561,345.13895
0,0,652.109977,505.466443,0,0,598.753551,337.261488
0,0,646.304989,492.902685,0,0,601.44687,330.171772
0,0,646.304989,487.104027,0,0,605.486849,323.869803
0,0,646.304989,481.305369,0,0,607.506839,321.506565
0,0,650.174981,475.506711,0,0,608.853498,330.959519
0,0,660.81746,472.607383,0,0,610.200158,344.351204
0,0,672.427438,469.708054,0,0,608.853498,354.591904
0,0,679.199924,469.708054,0,0,616.933456,366.408096
0,0,679.199924,460.043624,0,0,633.093372,382.950766
0,0,681.134921,453.278523,0,0,645.886639,393.979212
601.800076,666.862416,685.004913,438.781879,0,0,657.333246,400.281182
604.70257,645.600671,686.939909,426.218121,0,0,666.759863,402.64442
610.507559,597.278523,709.192366,406.889262,0,0,676.859811,409.734136
613.410053,568.285235,725.639834,403.989933,0,0,681.573119,416.036105
619.215042,530.59396,742.087302,404.956376,0,0,683.593109,423.125821
616.312547,471.64094,749.827286,402.057047,0,0,678.8798,439.66849
611.475057,448.446309,749.827286,410.755034,0,0,678.8798,454.635667
605.670068,400.124161,745.957294,431.050336,0,0,677.53314,470.390591
593.092593,384.661074,742.087302,446.513423,0,0,676.186481,494.022976
583.417611,371.130872,740.152305,460.043624,0,0,671.473172,509.777899
576.645125,346.969799,737.249811,471.64094,0,0,663.393214,532.622538
566.970144,326.674497,722.737339,508.365772,0,0,656.659916,547.589716
558.262661,310.244966,713.062358,525.761745,0,0,644.539979,573.585339
547.620181,293.815436,708.224868,560.553691,0,0,636.460021,591.703501
540.847695,286.083893,700.484883,577.949664,0,0,629.053393,606.670678
539.880197,278.352349,692.744898,593.412752,0,0,625.013414,631.09081
536.977702,267.721477,684.037415,615.64094,0,0,0,0
533.10771,260.956376,680.167423,637.869128,0,0,0,0
524.400227,253.224832,0,0,604.813519,342.775711,0,0
497.31028,258.057047,0,0,598.080221,334.898249,0,0
508.920257,279.318792,0,0,586.633614,297.874179,0,0
507.952759,290.916107,0,0,585.960284,282.119256,0,0
510.855253,312.177852,0,0,588.653603,271.09081,0,0
511.822751,329.573826,0,0,590.000263,258.486871,0,0
515.692744,369.197987,0,0,590.673593,252.184902,0,0
517.62774,389.493289,0,0,591.346923,258.486871,0,0
525.367725,416.553691,0,0,591.346923,262.425602,0,0
534.075208,450.379195,0,0,592.020252,267.152079,0,0
536.010204,461.010067,0,0,589.326933,273.454048,0,0
544.717687,457.144295,0,0,587.306944,278.180525,0,0
549.555178,449.412752,0,0,586.633614,275.02954,0,0
549.555178,444.580537,0,0,583.266965,274.241794,0,0
547.620181,453.278523,0,0,583.266965,279.756018,0,0
543.750189,461.010067,0,0,591.346923,291.57221,0,0
550.522676,432.983221,0,0,595.386902,297.086433,0,0
541.815193,440.714765,0,0,603.46686,312.841357,0,0
552.457672,431.050336,0,0,603.46686,327.020788,0,0
553.42517,414.620805,0,0,601.44687,334.898249,0,0
566.002646,392.392617,0,0,602.79353,348.289934,0,0
577.612623,395.291946,0,0,604.140189,358.530635,0,0
568.90514,376.92953,0,0,608.853498,367.983589,0,0
566.002646,382.728188,0,0,616.933456,364.832604,0,0
568.90514,360.5,0,0,627.706733,371.134573,0,0
562.132653,381.761745,717.899849,480.338926,628.380063,381.375274,0,0
566.002646,373.063758,717.899849,461.010067,631.073382,406.583151,0,0
568.90514,380.795302,709.192366,426.218121,629.726723,432.578775,0,0
567.937642,417.520134,706.289872,406.889262,629.726723,447.545952,0,0
566.002646,433.949664,700.484883,382.728188,626.360074,468.027352,0,0
561.165155,459.077181,694.679894,359.533557,620.300105,486.145514,0,0
561.165155,474.540268,688.874906,328.607383,624.340084,509.777899,0,0
561.165155,506.432886,675.329932,325.708054,0,0,0,0
570.840136,542.191275,677.264928,317.97651,0,0,0,0
576.645125,562.486577,671.45994,314.110738,0,0,0,0
587.287604,605.97651,668.557445,325.708054,0,0,0,0
594.060091,640.768456,667.589947,308.312081,0,0,0,0
0,0,664.687453,324.741611,0,0,0,0
0,0,662.752457,317.97651,0,0,0,0
0,0,658.882464,327.64094,0,0,0,0
0,0,661.784958,337.305369,0,0,0,0
0,0,664.687453,342.137584,0,0,0,0
0,0,667.589947,354.701342,0,0,0,0
0,0,669.524943,372.097315,0,0,633.093372,355.37965
0,0,670.492441,391.426174,0,0,627.706733,349.077681
0,0,671.45994,413.654362,0,0,619.626775,344.351204
0,0,669.524943,441.681208,0,0,612.893477,336.473742
0,0,667.589947,453.278523,0,0,614.913467,343.563457
0,0,662.752457,468.741611,0,0,606.833509,323.869803
0,0,660.81746,480.338926,0,0,617.606786,331.747265
0,0,660.81746,488.07047,0,0,612.893477,311.265864
0,0,659.849962,481.305369,0,0,614.913467,307.327133
0,0,658.882464,473.573826,0,0,620.973435,323.082057
0,0,657.914966,466.808725,0,0,620.973435,327.020788
0,0,659.849962,461.010067,0,0,616.260126,333.322757
0,0,664.687453,459.077181,0,0,613.566807,341.987965
0,0,668.557445,454.244966,0,0,616.933456,356.955142
0,0,668.557445,438.781879,0,0,622.993425,367.983589
0,0,661.784958,425.251678,0,0,632.420042,377.436543
0,0,672.427438,407.855705,0,0,643.193319,385.314004
602.767574,631.104027,678.232426,397.224832,0,0,652.619937,390.040481
605.670068,595.345638,704.354875,382.728188,0,0,656.659916,389.252735
611.475057,551.855705,721.769841,380.795302,0,0,665.413204,388.464989
606.637566,510.298658,737.249811,376.92953,0,0,0,0
596.962585,470.674497,742.087302,367.265101,0,0,0,0
595.027589,435.88255,734.347317,380.795302,0,0,0,0
589.2226,404.956376,726.607332,403.02349,0,0,0,0
583.417611,383.694631,725.639834,418.486577,0,0,0,0
582.450113,364.365772,724.672336,445.54698,0,0,0,0
578.580121,346.003356,724.672336,463.909396,0,0,0,0
568.90514,321.842282,725.639834,475.506711,0,0,0,0
560.197657,302.513423,712.09486,496.768456,0,0,644.539979,549.165208
552.457672,284.151007,705.322373,532.526846,0,0,643.866649,569.646608
534.075208,278.352349,693.712396,565.385906,0,0,633.093372,588.552516
536.977702,289.949664,693.712396,594.379195,0,0,631.073382,606.670678
536.977702,271.587248,686.939909,616.607383,0,0,0,0
528.270219,281.251678,0,0,0,0,0,0
539.880197,281.251678,0,0,0,0,0,0
526.335223,288.983221,0,0,602.79353,354.591904,0,0
521.497732,300.580537,0,0,599.426881,338.049234,0,0
519.562736,310.244966,0,0,593.366912,319.143326,0,0
519.562736,319.909396,0,0,592.020252,301.81291,0,0
516.660242,341.171141,0,0,591.346923,286.845733,0,0
521.497732,364.365772,0,0,593.366912,281.33151,0,0
526.335223,385.627517,0,0,594.713572,270.303063,0,0
532.140212,413.654362,0,0,598.753551,266.364333,0,0
537.9452,439.748322,0,0,598.753551,274.241794,0,0
542.782691,462.942953,0,0,595.386902,269.515317,0,0
546.652683,455.211409,0,0,595.386902,264.78884,0,0
546.652683,448.446309,0,0,591.346923,260.062363,0,0
552.457672,456.177852,0,0,587.980274,258.486871,0,0
550.522676,447.479866,0,0,595.386902,258.486871,0,0
550.522676,442.647651,0,0,593.366912,264.001094,0,0
542.782691,432.016779,0,0,594.713572,275.817287,0,0
542.782691,427.184564,0,0,600.10021,289.208972,0,0
544.717687,420.419463,0,0,604.140189,297.874179,0,0
548.58768,415.587248,0,0,606.160179,310.478118,0,0
552.457672,403.989933,0,0,602.1202,326.233042,0,0
557.295163,399.157718,0,0,602.1202,336.473742,0,0
562.132653,382.728188,0,0,602.1202,343.563457,0,0
564.067649,376.92953,0,0,602.79353,347.502188,0,0
563.100151,368.231544,694.679894,514.16443,607.506839,353.804158,0,0
554.392668,357.600671,704.354875,483.238255,612.220147,359.318381,0,0
549.555178,357.600671,703.387377,454.244966,616.260126,364.044858,0,0
553.42517,369.197987,699.517385,423.318792,620.300105,388.464989,0,0
552.457672,393.35906,696.61489,403.02349,620.300105,417.611597,0,0
554.392668,408.822148,690.809902,394.325503,610.873488,447.545952,0,0
553.42517,438.781879,685.972411,387.560403,0,0,0,0
545.685185,463.909396,677.264928,374.996644,0,0,0,0
544.717687,487.104027,669.524943,360.5,0,0,0,0
545.685185,506.432886,662.752457,340.204698,0,0,0,0
553.42517,547.02349,657.914966,327.64094,0,0,0,0
562.132653,572.151007,653.077475,318.942953,0,0,0,0
570.840136,582.781879,649.207483,307.345638,0,0,0,0
582.450113,617.573826,643.402494,302.513423,0,0,0,0
0,0,636.630008,302.513423,0,0,0,0
0,0,627.922525,304.446309,0,0,0,0
0,0,622.117536,304.446309,0,0,0,0
0,0,622.117536,309.278523,0,0,0,0
0,0,636.630008,330.540268,0,0,0,0
0,0,640.5,357.600671,0,0,0,0
0,0,645.337491,371.130872,0,0,616.260126,340.412473
0,0,652.109977,386.59396,0,0,618.953446,335.685996
0,0,660.81746,406.889262,0,0,608.853498,322.294311
0,0,666.622449,428.151007,0,0,602.79353,320.718818
0,0,668.557445,441.681208,0,0,592.020252,314.416849
0,0,664.687453,455.211409,0,0,588.653603,308.902626
0,0,657.914966,469.708054,0,0,588.653603,301.81291
0,0,651.142479,480.338926,0,0,587.980274,297.874179
0,0,647.272487,469.708054,0,0,587.306944,293.147702
0,0,652.109977,439.748322,0,0,592.693582,289.996718
0,0,651.142479,427.184564,0,0,592.693582,297.086433
0,0,649.207483,421.385906,0,0,592.693582,307.327133
0,0,655.97997,420.419463,0,0,594.040242,323.082057
0,0,652.109977,428.151007,0,0,594.040242,332.535011
0,0,655.97997,395.291946,0,0,604.140189,343.563457
0,0,657.914966,390.459732,0,0,614.240137,348.289934
0,0,664.687453,375.963087,0,0,622.993425,354.591904
605.670068,576.016779,682.102419,373.063758,0,0,637.806681,367.195842
599.865079,559.587248,691.7774,369.197987,0,0,641.17333,370.346827
595.995087,502.567114,710.159864,363.399329,0,0,653.966597,379.012035
601.800076,477.439597,728.542328,361.466443,0,0,664.739874,393.191466
605.670068,450.379195,737.249811,362.432886,0,0,669.453183,401.068928
607.605064,412.687919,740.152305,371.130872,0,0,673.493161,412.097374
602.767574,374.996644,739.184807,389.493289,0,0,677.53314,432.578775
590.190098,351.802013,737.249811,412.687919,0,0,678.20647,453.847921
581.482615,334.40604,735.314815,425.251678,0,0,676.859811,474.329322
574.710128,315.077181,733.379819,448.446309,0,0,676.859811,494.022976
568.90514,292.848993,733.379819,464.875839,0,0,675.513151,509.777899
566.970144,270.620805,733.379819,481.305369,0,0,666.759863,538.136761
557.295163,259.02349,731.444822,500.634228,0,0,661.373225,547.589716
547.620181,257.090604,718.867347,540.258389,0,0,657.333246,555.467177
539.880197,254.191275,713.062358,561.520134,0,0,0,0
533.10771,254.191275,704.354875,592.446309,0,0,0,0
517.62774,254.191275,0,0,0,0,0,0
508.920257,255.157718,0,0,0,0,0,0
504.082766,258.057047,0,0,593.366912,325.445295,0,0
498.277778,261.922819,0,0,588.653603,308.11488,0,0
497.31028,266.755034,0,0,577.206996,281.33151,0,0
497.31028,285.11745,0,0,576.533666,267.939825,0,0
499.245276,310.244966,0,0,577.880326,253.760394,0,0
498.277778,334.40604,0,0,578.553656,238.00547,0,0
497.31028,358.567114,0,0,579.226986,226.977024,0,0
507.952759,385.627517,0,0,579.226986,238.793217,0,0
520.530234,404.956376,0,0,575.860337,228.552516,0,0
525.367725,421.385906,0,0,574.513677,235.642232,0,0
524.400227,433.949664,0,0,571.147028,238.00547,0,0
523.432729,443.614094,0,0,566.433719,238.00547,0,0
525.367725,437.815436,0,0,567.780379,244.30744,0,0
531.172714,416.553691,0,0,567.107049,238.00547,0,0
534.075208,406.889262,0,0,569.800368,249.033917,0,0
534.075208,400.124161,0,0,571.820358,254.54814,0,0
533.10771,395.291946,0,0,580.573645,278.968271,0,0
528.270219,397.224832,0,0,588.653603,292.359956,0,0
519.562736,399.157718,0,0,586.633614,304.963895,0,0
534.075208,378.862416,0,0,585.960284,318.35558,0,0
541.815193,373.063758,0,0,583.266965,332.535011,0,0
541.815193,363.399329,0,0,582.593635,339.624726,0,0
534.075208,354.701342,0,0,581.246975,343.563457,0,0
521.497732,343.104027,0,0,580.573645,339.624726,0,0
506.985261,336.338926,0,0,580.573645,342.775711,0,0
501.180272,327.64094,680.167423,418.486577,581.920305,354.591904,0,0
510.855253,361.466443,679.199924,403.989933,584.613624,386.889497,0,0
514.725246,367.265101,675.329932,391.426174,589.326933,410.521882,0,0
518.595238,389.493289,674.362434,374.996644,592.020252,440.456236,0,0
526.335223,417.520134,673.394936,367.265101,592.020252,449.121444,0,0
528.270219,438.781879,666.622449,347.936242,0,0,0,0
528.270219,463.909396,659.849962,327.64094,0,0,0,0
531.172714,482.271812,645.337491,293.815436,0,0,0,0
537.9452,506.432886,642.434996,283.184564,0,0,0,0
549.555178,534.459732,636.630008,267.721477,0,0,0,0
0,0,612.442555,274.486577,0,0,0,0
0,0,610.507559,279.318792,0,0,0,0
0,0,605.670068,279.318792,0,0,0,0
0,0,600.832577,281.251678,0,0,0,0
0,0,602.767574,290.916107,0,0,0,0
0,0,607.605064,304.446309,0,0,0,0
0,0,618.247543,334.40604,0,0,585.960284,323.869803
0,0,623.085034,346.003356,0,0,583.266965,317.567834
0,0,626.955026,352.768456,0,0,574.513677,307.327133
0,0,631.792517,367.265101,0,0,564.41373,289.208972
0,0,632.760015,375.963087,0,0,562.39374,299.449672
0,0,634.695011,387.560403,0,0,559.027091,287.633479
0,0,635.662509,399.157718,0,0,553.640452,279.756018
0,0,625.02003,410.755034,0,0,565.087059,289.208972
0,0,623.085034,423.318792,0,0,563.06707,279.756018
0,0,621.150038,433.949664,0,0,564.41373,275.02954
0,0,618.247543,424.285235,0,0,571.147028,281.33151
0,0,623.085034,419.45302,0,0,568.453709,287.633479
0,0,624.052532,428.151007,0,0,571.147028,292.359956
0,0,628.890023,435.88255,0,0,576.533666,312.053611
0,0,627.922525,431.050336,0,0,577.206996,329.384026
0,0,621.150038,431.050336,0,0,579.900316,339.624726
0,0,631.792517,418.486577,0,0,587.306944,347.502188
0,0,632.760015,406.889262,0,0,603.46686,364.832604
0,0,638.565004,394.325503,0,0,608.853498,371.134573
572.775132,587.614094,651.142479,377.895973,0,0,616.933456,374.285558
554.392668,545.090604,669.524943,374.030201,0,0,626.360074,382.950766
558.262661,519.963087,681.134921,376.92953,0,0,640.5,396.342451
569.872638,484.204698,698.549887,377.895973,0,0,640.5,408.158643
570.840136,467.775168,708.224868,381.761745,0,0,0,0
570.840136,452.312081,710.159864,397.224832,0,0,0,0
569.872638,429.11745,701.452381,420.419463,0,0,0,0
561.165155,404.956376,700.484883,446.513423,0,0,0,0
550.522676,381.761745,700.484883,469.708054,0,0,0,0
547.620181,365.332215,704.354875,497.734899,0,0,0,0
544.717687,336.338926,704.354875,508.365772,0,0,0,0
544.717687,321.842282,705.322373,519.963087,0,0,639.15334,568.071116
542.782691,314.110738,699.517385,550.889262,0,0,627.706733,600.368709
538.912698,321.842282,686.939909,597.278523,0,0,629.053393,615.335886
543.750189,317.97651,683.069917,634.003356,0,0,627.706733,629.515317
537.9452,316.043624,682.102419,656.231544,0,0,0,0
531.172714,314.110738,0,0,0,0,0,0
536.977702,313.144295,0,0,0,0,0,0
524.400227,317.010067,0,0,606.160179,372.710066,0,0
532.140212,317.010067,0,0,604.813519,347.502188,0,0
528.270219,327.64094,0,0,605.486849,323.869803,0,0
524.400227,340.204698,0,0,605.486849,304.963895,0,0
523.432729,361.466443,0,0,606.160179,289.208972,0,0
523.432729,380.795302,0,0,606.160179,268.727571,0,0
523.432729,394.325503,0,0,607.506839,252.184902,0,0
524.400227,412.687919,0,0,606.833509,260.062363,0,0
532.140212,436.848993,0,0,603.46686,264.78884,0,0
536.010204,463.909396,0,0,598.753551,257.699125,0,0
540.847695,479.372483,0,0,598.080221,249.033917,0,0
543.750189,470.674497,0,0,598.080221,260.062363,0,0
545.685185,462.942953,0,0,598.080221,266.364333,0,0
550.522676,452.312081,0,0,599.426881,274.241794,0,0
553.42517,444.580537,0,0,601.44687,283.694748,0,0
554.392668,451.345638,0,0,604.813519,297.086433,0,0
553.42517,444.580537,0,0,609.526828,323.869803,0,0
557.295163,449.412752,0,0,611.546817,338.83698,0,0
565.035147,452.312081,0,0,614.240137,350.653173,0,0
566.002646,444.580537,0,0,615.586796,366.408096,0,0
567.937642,438.781879,0,0,614.240137,382.16302,0,0
569.872638,432.016779,0,0,609.526828,392.40372,0,0
574.710128,425.251678,0,0,606.160179,404.219912,0,0
577.612623,417.520134,0,0,598.753551,397.130197,0,0
565.035147,409.788591,0,0,598.753551,407.370897,0,0
547.620181,403.989933,689.842404,518.996644,598.080221,417.611597,0,0
527.302721,397.224832,685.972411,511.265101,597.406891,431.791028,0,0
527.302721,415.587248,687.907407,478.40604,597.406891,465.664114,0,0
536.010204,452.312081,684.037415,467.775168,601.44687,493.23523,0,0
541.815193,479.372483,682.102419,456.177852,601.44687,511.353392,0,0
543.750189,502.567114,681.134921,446.513423,598.753551,531.047046,0,0
545.685185,530.59396,674.362434,423.318792,0,0,0,0
546.652683,539.291946,663.719955,395.291946,0,0,0,0
548.58768,576.983221,658.882464,385.627517,0,0,0,0
560.197657,603.077181,649.207483,379.828859,0,0,0,0
551.490174,640.768456,640.5,380.795302,0,0,0,0
558.262661,667.828859,623.085034,383.694631,0,0,0,0
0,0,615.345049,384.661074,0,0,0,0
0,0,602.767574,385.627517,0,0,0,0
0,0,606.637566,390.459732,0,0,0,0
0,0,621.150038,402.057047,0,0,0,0
0,0,630.825019,406.889262,0,0,0,0
0,0,635.662509,410.755034,0,0,0,0
0,0,643.402494,434.916107,0,0,608.853498,414.460613
0,0,647.272487,444.580537,0,0,608.853498,409.734136
0,0,650.174981,455.211409,0,0,598.080221,392.40372
0,0,650.174981,468.741611,0,0,587.306944,385.314004
0,0,644.369992,491.936242,0,0,588.653603,375.86105
0,0,638.565004,506.432886,0,0,587.980274,363.257112
0,0,635.662509,511.265101,0,0,587.306944,351.440919
0,0,640.5,501.600671,0,0,593.366912,338.83698
0,0,640.5,495.802013,0,0,593.366912,334.110503
0,0,646.304989,490.969799,0,0,603.46686,339.624726
0,0,650.174981,501.600671,0,0,603.46686,345.926696
0,0,650.174981,486.137584,0,0,606.160179,353.804158
0,0,655.012472,493.869128,0,0,606.160179,364.832604
0,0,660.81746,488.07047,0,0,602.79353,386.889497
0,0,662.752457,480.338926,0,0,606.160179,391.615974
0,0,659.849962,472.607383,0,0,613.566807,389.252735
0,0,659.849962,480.338926,0,0,613.566807,403.432166
554.392668,636.902685,654.044974,449.412752,0,0,618.280116,406.583151
565.035147,597.278523,665.654951,396.258389,0,0,627.706733,403.432166
562.132653,567.318792,674.362434,387.560403,0,0,633.766702,394.766958
562.132653,521.895973,681.134921,376.92953,0,0,633.766702,401.068928
562.132653,500.634228,692.744898,369.197987,0,0,0,0
564.067649,454.244966,702.419879,367.265101,0,0,0,0
558.262661,416.553691,709.192366,365.332215,0,0,0,0
554.392668,398.191275,695.647392,412.687919,0,0,0,0
547.620181,390.459732,694.679894,427.184564,0,0,0,0
536.977702,360.5,689.842404,441.681208,0,0,0,0
529.237717,338.271812,683.069917,458.110738,0,0,0,0
516.660242,308.312081,678.232426,471.64094,0,0,0,0
505.050265,301.54698,674.362434,486.137584,0,0,0,0
489.570295,300.580537,652.109977,530.59396,0,0,0,0
484.732804,301.54698,651.142479,561.520134,0,0,0,0
498.277778,302.513423,645.337491,606.942953,0,0,0,0
482.797808,315.077181,638.565004,624.338926,0,0,0,0
483.765306,319.909396,0,0,561.72041,431.791028,0,0
486.6678,328.607383,0,0,559.700421,419.974836,0,0
486.6678,334.40604,0,0,561.72041,396.342451,0,0
486.6678,343.104027,0,0,562.39374,374.285558,0,0
484.732804,348.902685,0,0,557.007102,351.440919,0,0
479.895314,365.332215,0,0,559.027091,332.535011,0,0
479.895314,379.828859,0,0,561.04708,319.143326,0,0
487.635299,414.620805,0,0,563.7404,306.539387,0,0
500.212774,435.88255,0,0,565.087059,295.510941,0,0
506.017763,446.513423,0,0,566.433719,305.751641,0,0
510.855253,473.573826,0,0,569.127038,315.204595,0,0
514.725246,498.701342,0,0,571.147028,323.082057,0,0
524.400227,484.204698,0,0,570.473698,307.327133,0,0
514.725246,490.003356,0,0,565.087059,300.237418,0,0
525.367725,495.802013,0,0,571.820358,305.751641,0,0
523.432729,470.674497,0,0,572.493688,309.690372,0,0
531.172714,483.238255,0,0,574.513677,316.780088,0,0
527.302721,468.741611,0,0,577.880326,322.294311,0,0
530.205215,471.64094,0,0,585.286954,329.384026,0,0
530.205215,466.808725,0,0,592.020252,338.83698,0,0
530.205215,447.479866,0,0,594.713572,345.926696,0,0
536.010204,439.748322,0,0,598.080221,363.257112,0,0
547.620181,414.620805,0,0,594.713572,368.771335,0,0
560.197657,396.258389,0,0,600.10021,372.710066,0,0
565.035147,390.459732,0,0,599.426881,367.983589,0,0
560.197657,382.728188,685.004913,539.291946,600.77354,375.073304,0,0
551.490174,361.466443,684.037415,510.298658,595.386902,366.408096,0,0
528.270219,352.768456,684.037415,462.942953,596.733561,383.738512,0,0
515.692744,366.298658,673.394936,439.748322,592.020252,394.766958,0,0
529.237717,387.560403,666.622449,427.184564,590.000263,412.097374,0,0
529.237717,403.989933,666.622449,411.721477,582.593635,438.880744,0,0
523.432729,426.218121,659.849962,391.426174,580.573645,449.90919,0,0
512.790249,442.647651,652.109977,375.963087,571.147028,467.239606,0,0
507.952759,439.748322,638.565004,350.83557,0,0,0,0
506.985261,458.110738,631.792517,317.010067,0,0,0,0
510.855253,491.936242,617.280045,315.077181,0,0,0,0
523.432729,526.728188,618.247543,326.674497,0,0,0,0
534.075208,552.822148,620.18254,308.312081,0,0,0,0
546.652683,576.016779,616.312547,320.875839,0,0,0,0
0,0,616.312547,313.144295,0,0,0,0
0,0,615.345049,318.942953,0,0,0,0
0,0,616.312547,327.64094,0,0,0,0
0,0,621.150038,339.238255,0,0,0,0
0,0,627.922525,358.567114,0,0,0,0
0,0,635.662509,385.627517,0,0,0,0
0,0,636.630008,399.157718,0,0,0,0
0,0,641.467498,414.620805,0,0,0,0
0,0,647.272487,446.513423,0,0,596.733561,369.559081
0,0,651.142479,478.40604,0,0,595.386902,364.832604
0,0,655.97997,505.466443,0,0,590.000263,362.469365
0,0,654.044974,518.030201,0,0,587.306944,358.530635
0,0,648.239985,523.828859,0,0,590.000263,364.044858
0,0,643.402494,524.795302,0,0,590.000263,358.530635
0,0,637.597506,527.694631,0,0,594.713572,351.440919
0,0,636.630008,511.265101,0,0,590.673593,349.865427
0,0,634.695011,501.600671,0,0,590.000263,355.37965
0,0,635.662509,506.432886,0,0,590.000263,360.893873
0,0,635.662509,478.40604,0,0,581.920305,374.285558
0,0,639.532502,484.204698,0,0,585.960284,379.012035
0,0,642.434996,456.177852,0,0,600.77354,390.040481
0,0,652.109977,435.88255,0,0,608.853498,396.342451
562.132653,659.130872,655.97997,421.385906,0,0,623.666754,396.342451
565.035147,617.573826,673.394936,396.258389,0,0,632.420042,394.766958
574.710128,582.781879,680.167423,398.191275,0,0,640.5,394.766958
576.645125,550.889262,701.452381,392.392617,0,0,650.599947,401.068928
577.612623,521.895973,723.704837,379.828859,0,0,654.639926,405.795405
582.450113,477.439597,723.704837,370.16443,0,0,657.333246,413.672867
588.255102,446.513423,725.639834,386.59396,0,0,0,0
583.417611,419.45302,729.509826,398.191275,0,0,0,0
581.482615,392.392617,729.509826,409.788591,0,0,0,0
581.482615,368.231544,731.444822,432.016779,0,0,0,0
582.450113,348.902685,732.41232,452.312081,0,0,672.146502,487.721007
577.612623,332.473154,732.41232,467.775168,0,0,672.819832,510.565646
566.002646,316.043624,728.542328,485.171141,0,0,662.046554,542.075492
559.230159,308.312081,720.802343,519.963087,0,0,660.026565,557.04267
542.782691,307.345638,715.964853,544.124161,0,0,656.659916,572.009847
537.9452,303.479866,710.159864,565.385906,0,0,649.253288,596.429978
521.497732,304.446309,699.517385,600.177852,0,0,0,0
510.855253,306.379195,694.679894,617.573826,0,0,0,0
525.367725,303.479866,0,0,0,0,0,0
518.595238,310.244966,0,0,0,0,0,0
520.530234,321.842282,0,0,592.693582,344.351204,0,0
519.562736,329.573826,0,0,589.326933,324.657549,0,0
517.62774,334.40604,0,0,590.000263,317.567834,0,0
513.757748,372.097315,0,0,590.000263,305.751641,0,0
515.692744,389.493289,0,0,587.306944,295.510941,0,0
517.62774,409.788591,0,0,585.286954,285.270241,0,0
518.595238,436.848993,0,0,577.206996,282.907002,0,0
519.562736,470.674497,0,0,573.840347,286.845733,0,0
520.530234,476.473154,0,0,570.473698,286.057987,0,0
523.432729,479.372483,0,0,563.7404,285.270241,0,0
527.302721,489.036913,0,0,559.700421,286.057987,0,0
536.010204,486.137584,0,0,556.333772,287.633479,0,0
536.977702,475.506711,0,0,563.06707,290.784464,0,0
526.335223,476.473154,0,0,567.107049,295.510941,0,0
529.237717,463.909396,0,0,569.800368,303.388403,0,0
529.237717,459.077181,0,0,573.840347,315.992341,0,0
530.205215,447.479866,0,0,577.206996,319.931072,0,0
531.172714,434.916107,0,0,583.940295,328.59628,0,0
530.205215,428.151007,0,0,587.980274,334.110503,0,0
536.010204,424.285235,0,0,592.020252,342.775711,0,0
552.457672,411.721477,0,0,588.653603,354.591904,0,0
559.230159,404.956376,0,0,587.306944,363.257112,0,0
544.717687,403.989933,0,0,587.980274,371.922319,0,0
534.075208,387.560403,0,0,589.326933,377.436543,0,0
528.270219,374.030201,688.874906,548.956376,589.326933,382.950766,0,0
520.530234,362.432886,682.102419,530.59396,589.326933,389.252735,0,0
512.790249,373.063758,677.264928,495.802013,588.653603,396.342451,0,0
525.367725,387.560403,675.329932,459.077181,589.326933,407.370897,0,0
527.302721,403.02349,674.362434,432.016779,590.673593,426.276805,0,0
524.400227,415.587248,669.524943,406.889262,584.613624,449.90919,0,0
515.692744,425.251678,665.654951,399.157718,581.920305,458.574398,0,0
511.822751,449.412752,657.914966,377.895973,581.246975,467.239606,0,0
512.790249,466.808725,655.012472,369.197987,577.206996,512.141138,0,0
512.790249,486.137584,638.565004,349.869128,0,0,0,0
517.62774,513.197987,633.727513,345.036913,0,0,0,0
531.172714,545.090604,627.922525,338.271812,0,0,0,0
536.977702,556.687919,620.18254,333.439597,0,0,0,0
540.847695,573.11745,614.377551,333.439597,0,0,0,0
0,0,619.215042,331.506711,0,0,0,0
0,0,614.377551,339.238255,0,0,0,0
0,0,612.442555,355.667785,0,0,0,0
0,0,612.442555,353.734899,0,0,0,0
0,0,616.933456,382.16302,0,0,593.366912,371.922319
0,0,616.933456,397.130197,0,0,587.980274,366.408096
0,0,619.626775,425.489059,0,0,582.593635,357.742888
0,0,618.953446,448.333698,0,0,580.573645,360.106127
0,0,625.013414,466.45186,0,0,579.226986,356.955142
0,0,627.706733,492.447484,0,0,579.900316,359.318381
0,0,629.053393,514.504376,0,0,579.900316,362.469365
0,0,630.400053,536.561269,0,0,573.840347,361.681619
0,0,631.073382,552.316193,0,0,585.960284,364.832604
0,0,626.360074,543.650985,0,0,581.246975,368.771335
0,0,622.993425,551.528446,0,0,581.920305,380.587527
0,0,619.626775,548.377462,0,0,575.860337,385.314004
0,0,618.953446,555.467177,0,0,579.900316,396.342451
0,0,622.320095,537.349015,0,0,578.553656,401.856674
0,0,637.133351,527.108315,0,0,570.473698,411.309628
0,0,628.380063,523.95733,0,0,580.573645,408.946389
0,0,633.093372,508.990153,0,0,588.653603,419.974836
0,0,643.193319,479.055799,0,0,598.080221,423.913567
0,0,645.886639,459.362144,0,0,609.526828,422.338074
0,0,653.293267,434.942013,0,0,614.240137,409.734136
551.490174,607.909396,667.433193,404.219912,0,0,619.626775,405.007659
552.457672,574.083893,684.266439,389.252735,0,0,624.340084,409.734136
550.522676,528.661074,695.713046,379.012035,0,0,634.440032,400.281182
555.360166,494.83557,717.2596,361.681619,0,0,0,0
568.90514,459.077181,724.666228,364.044858,0,0,0,0
577.612623,432.983221,721.299579,364.044858,0,0,0,0
580.515117,412.687919,723.319569,379.799781,0,0,0,0
577.612623,396.258389,724.666228,390.828228,0,0,0,0
575.677627,373.063758,723.319569,401.068928,0,0,0,0
577.612623,347.936242,720.626249,410.521882,0,0,0,0
578.580121,334.40604,717.2596,431.003282,0,0,0,0
583.417611,327.64094,717.2596,468.815098,0,0,0,0
585.352608,333.439597,711.872962,491.659737,0,0,0,0
576.645125,332.473154,706.486323,508.202407,0,0,0,0
566.970144,333.439597,699.079695,534.985777,0,0,0,0
550.522676,337.305369,690.326407,560.9814,0,0,0,0
548.58768,343.104027,680.22646,589.340263,0,0,0,0
554.392668,344.07047,0,0,0,0,0,0
552.457672,354.701342,0,0,0,0,0,0
549.555178,361.466443,0,0,0,0,0,0
539.880197,374.996644,0,0,0,0,0,0
542.782691,403.02349,0,0,0,0,0,0
536.977702,403.989933,0,0,584.613624,337.261488,0,0
537.9452,419.45302,0,0,583.940295,330.959519,0,0
532.140212,445.54698,0,0,584.613624,323.082057,0,0
530.205215,463.909396,0,0,584.613624,319.143326,0,0
530.205215,481.305369,0,0,580.573645,322.294311,0,0
531.172714,500.634228,0,0,577.880326,326.233042,0,0
530.205215,514.16443,0,0,577.880326,331.747265,0,0
526.335223,525.761745,0,0,577.880326,338.049234,0,0
526.335223,534.459732,0,0,577.880326,345.926696,0,0
526.335223,542.191275,0,0,577.880326,353.016411,0,0
533.10771,539.291946,0,0,577.880326,363.257112,0,0
532.140212,525.761745,0,0,574.513677,376.648796,0,0
531.172714,534.459732,0,0,573.840347,385.314004,0,0
536.010204,522.862416,0,0,573.840347,394.766958,0,0
536.010204,511.265101,0,0,577.206996,405.007659,0,0
537.9452,519.963087,0,0,583.266965,417.611597,0,0
547.620181,511.265101,0,0,587.980274,423.913567,0,0
557.295163,491.936242,0,0,595.386902,428.640044,0,0
569.872638,470.674497,0,0,598.080221,432.578775,0,0
577.612623,455.211409,0,0,602.79353,432.578775,0,0
585.352608,435.88255,0,0,609.526828,426.276805,0,0
577.612623,419.45302,0,0,610.200158,419.18709,0,0
571.807634,401.090604,0,0,610.873488,414.460613,0,0
562.132653,374.996644,0,0,612.220147,404.219912,0,0
548.58768,366.298658,710.526302,438.092998,610.200158,399.493435,0,0
543.750189,384.661074,708.506312,429.42779,606.833509,401.856674,0,0
538.912698,395.291946,705.812993,422.338074,603.46686,411.309628,0,0
536.010204,403.02349,698.406365,412.097374,603.46686,419.18709,0,0
533.10771,413.654362,678.8798,396.342451,585.960284,457.786652,0,0
530.205215,430.083893,652.619937,375.86105,585.286954,486.145514,0,0
528.270219,444.580537,637.806681,364.044858,585.286954,493.23523,0,0
525.367725,461.010067,635.786691,358.530635,585.286954,509.777899,0,0
529.237717,490.003356,631.746712,353.016411,0,0,0,0
534.075208,508.365772,627.033403,349.077681,0,0,0,0
539.880197,526.728188,628.380063,354.591904,0,0,0,0
543.750189,546.057047,622.320095,353.016411,0,0,0,0
0,0,625.686744,351.440919,0,0,0,0
0,0,629.726723,351.440919,0,0,0,0
0,0,629.726723,361.681619,0,0,0,0
0,0,629.053393,371.922319,0,0,0,0
0,0,631.746712,402.64442,0,0,0,0
0,0,634.440032,427.064551,0,0,607.506839,371.134573
0,0,637.133351,436.517505,0,0,610.873488,372.710066
0,0,637.806681,451.484683,0,0,602.1202,362.469365
0,0,643.193319,468.027352,0,0,594.713572,366.408096
0,0,645.213309,493.23523,0,0,594.713572,377.436543
0,0,643.866649,512.141138,0,0,590.000263,381.375274
0,0,643.866649,542.863239,0,0,579.900316,386.101751
0,0,640.5,556.254923,0,0,583.266965,399.493435
0,0,631.073382,570.434354,0,0,583.266965,405.795405
0,0,623.666754,575.160832,0,0,583.266965,411.309628
0,0,625.686744,568.858862,0,0,580.573645,423.913567
0,0,626.360074,560.193654,0,0,575.860337,422.338074
0,0,622.993425,552.316193,0,0,570.473698,415.248359
0,0,620.300105,534.198031,0,0,571.820358,421.550328
0,0,622.993425,518.443107,0,0,585.286954,423.125821
0,0,640.5,483.782276,0,0,592.020252,411.309628
0,0,643.866649,464.088621,0,0,604.140189,409.734136
0,0,658.006575,417.611597,0,0,616.933456,401.856674
0,0,668.779853,386.101751,0,0,627.706733,383.738512
0,0,687.633088,361.681619,0,0,632.420042,371.134573
570.840136,458.110738,701.099684,335.685996,0,0,645.213309,356.955142
573.74263,476.473154,715.239611,308.11488,0,0,651.946607,340.412473
573.74263,447.479866,721.972909,289.996718,0,0,655.313256,331.747265
573.74263,420.419463,719.27959,297.874179,0,0,656.659916,344.351204
574.710128,387.560403,717.2596,304.176149,0,0,657.333246,350.653173
575.677627,365.332215,715.912941,322.294311,0,0,657.333246,359.318381
572.775132,352.768456,712.546291,334.110503,0,0,655.986586,373.497812
566.002646,349.869128,713.219621,325.445295,0,0,653.966597,381.375274
548.58768,350.83557,707.832983,350.653173,0,0,647.233298,415.248359
542.782691,348.902685,707.159653,383.738512,0,0,647.233298,431.791028
536.977702,348.902685,709.179642,387.677243,0,0,646.559968,450.696937
530.205215,348.902685,708.506312,418.399344,0,0,646.559968,463.300875
530.205215,342.137584,707.159653,442.031729,0,0,649.926618,473.541575
536.010204,332.473154,707.159653,451.484683,0,0,0,0
534.075208,324.741611,705.139663,464.876368,0,0,0,0
530.205215,319.909396,701.099684,472.753829,0,0,0,0
521.497732,310.244966,697.059705,480.631291,0,0,0,0
517.62774,304.446309,694.366386,487.721007,0,0,645.886639,500.324945
509.887755,309.278523,693.693056,493.23523,0,0,645.213309,517.655361
502.14777,314.110738,692.346397,500.324945,0,0,645.213309,525.532823
502.14777,318.942953,690.326407,512.141138,552.293793,315.204595,642.519989,533.410284
502.14777,338.271812,688.979748,534.198031,552.293793,311.265864,641.84666,546.801969
503.115268,356.634228,691.673067,558.618162,552.293793,303.388403,641.84666,558.618162
503.115268,367.265101,689.653077,572.009847,551.620463,283.694748,643.193319,570.434354
502.14777,387.560403,0,0,552.293793,273.454048,0,0
502.14777,403.989933,0,0,551.620463,264.001094,0,0
502.14777,421.385906,0,0,542.867175,270.303063,0,0
505.050265,430.083893,0,0,542.867175,276.605033,0,0
506.985261,444.580537,0,0,546.233824,283.694748,0,0
508.920257,450.379195,0,0,542.867175,274.241794,0,0
511.822751,458.110738,0,0,541.520516,291.57221,0,0
513.757748,464.875839,0,0,542.193845,302.600656,0,0
515.692744,469.708054,0,0,543.540505,315.204595,0,0
515.692744,478.40604,0,0,544.887165,323.082057,0,0
510.855253,483.238255,0,0,544.887165,337.261488,0,0
505.050265,486.137584,0,0,548.253814,355.37965,0,0
500.212774,489.036913,0,0,552.293793,371.922319,0,0
490.537793,490.003356,0,0,556.333772,379.012035,0,0
503.115268,484.204698,0,0,557.007102,385.314004,0,0
508.920257,480.338926,0,0,557.680431,391.615974,0,0
511.822751,475.506711,0,0,557.680431,395.554705,0,0
518.595238,462.942953,0,0,559.700421,399.493435,0,0
528.270219,441.681208,0,0,559.700421,395.554705,0,0
528.270219,423.318792,0,0,559.700421,390.828228,0,0
520.530234,408.822148,0,0,557.680431,381.375274,0,0
502.14777,394.325503,0,0,556.333772,372.710066,0,0
490.537793,391.426174,0,0,556.333772,366.408096,0,0
488.602797,419.45302,687.633088,505.839168,553.640452,373.497812,0,0
487.635299,426.218121,693.693056,488.508753,548.927144,383.738512,0,0
483.765306,433.949664,679.55313,480.631291,544.213835,393.191466,0,0
476.992819,441.681208,670.799842,478.268053,539.500526,410.521882,0,0
476.992819,453.278523,662.719884,472.753829,532.767228,424.701313,0,0
479.895314,461.010067,652.619937,465.664114,526.03393,444.394967,0,0
478.927816,467.775168,649.253288,453.060175,526.03393,450.696937,0,0
477.960317,487.104027,645.886639,445.97046,527.380589,456.998906,0,0
478.927816,496.768456,643.866649,436.517505,531.420568,454.635667,0,0
478.927816,502.567114,643.193319,422.338074,535.460547,454.635667,0,0
480.862812,509.332215,643.193319,408.946389,541.520516,460.937637,0,0
492.472789,516.097315,643.866649,399.493435,544.887165,464.088621,0,0
498.277778,529.627517,642.519989,388.464989,548.927144,471.178337,0,0
504.082766,543.157718,640.5,381.375274,551.620463,476.69256,0,0
508.920257,554.755034,639.82667,383.738512,554.987112,482.99453,0,0
0,0,640.5,387.677243,563.06707,510.565646,0,0
0,0,647.233298,390.828228,565.760389,520.0186,0,0
0,0,648.579958,395.554705,557.680431,526.320569,0,0
0,0,648.579958,401.856674,567.107049,538.924508,0,0
0,0,648.579958,405.795405,565.760389,548.377462,0,0
0,0,650.599947,410.521882,569.800368,553.103939,0,0
0,0,653.293267,415.248359,573.840347,560.193654,0,0
0,0,656.659916,412.097374,577.206996,562.556893,631.073382,375.86105
